"caseId","Residence Own house/aprt","Disabled or Ill","Highest education completed","Present work situation","Current job prestige scores","Current occupation satisfaction","Present income satisfaction","Respodent identity importance","Respodent detention/jail/prison","Country feels like home","Respondent health","Has Children","Average English Skill","MariageStatus","successIndex","desired.job.prestige.score-1991","GPA","Parent.SES.index-1991","English.Knowledge-1991","Private.school-1991","Houshold.guardians-1991","number.household.members-1991","Sex","Respondent.US.stay.length-1991","Respondent job preference-1991","felt discriminated-1991","Depression-1991","Self-esteem-1991","education expectation-1991","Hours/day on HW-1991","Good grades importance-1991","Reason Dad came to US","Reason Mom came to US","Present living situation-1995","number people living w/respondent-1995","Economic situation/3 year ago-1995","Parent divorced/separated past year-1995","Parent re/married past year-1995","Parent lost job/past year-1995","Respondent ill/disabled past year-1995","Parent died past year-1995","Respondent sex-1995","Respodent US Citizenship-1995","Respondent job classification-1995","Don't feel save at school-1995","attainable education level-1995","Paren education preference-1995","Respondent hour studying-1995","Good grade importance-1995","English Knowledge-1995","Depression-1995","Self-esteem-1995","Familism index-1995","Family cohesion-1995","GPA-1995","Dropped out by 1995","Percent daily school attendance-1995","Private school-1995"
3,0,1,2,8,34,4,3,3,1,1,4,0,4,1,18.943,65,1,-1.24,4,0,5,2,1,1,12,2,1,3,4,2,1,2,2,5,2,3,2,2,2,1,2,1,1,11,1,5,2,4,2,4,1,3.6,2,1.67,1,0,90.2,0
5,0,1,6,8,51,4,4,2,1,0,5,0,4,0,27.516,76,3.83,0.13,4,0,1,3,1,3,10,1,2.25,4,5,2,1,6,3,1,3,4,2,2,2,2,2,1,2,8,4,5,5,2,3,4,1.25,4,1.33,3.67,3.83,0,92.5,0
10,0,1,5,7,42,5,4,3,1,1,5,0,4,0,23.285,60,3.75,0.99,4,0,1,4,2,2,3,2,1.25,3.7,4,4,1,1,1,1,4,2,2,2,2,2,2,2,2,9,3,5,5,3,1,4,1.5,3.5,1.33,3.33,3.19,0,91.3,0
13,1,1,2,8,44,4,4,3,1,1,3,0,4,0,23.58,78,2.25,0.17,3.5,0,1,3,1,2,9,2,1.25,3.3,5,1,1,1,1,4,1,3,1,2,1,1,2,1,2,4,2,5,2,2,1,4,2.25,3.6,1.67,1.67,2.01,0,92.5,0
26,0,1,3,8,67,4,4,2,1,1,4,0,4,1,34.327,71,1.63,-0.01,4,0,1,3,1,2,9,1,1.75,3.3,3,1,2,1,1,1,2,2,2,2,2,2,2,1,2,6,3,4,4,1,2,4,1.5,3.5,2.33,5,1.63,0,92.5,0
27,0,1,5,8,49,3,3,3,1,1,5,0,4,0,26.326,48,1,0.23,4,0,3,5,1,1,14,1,1.25,3.7,5,1,1,3,3,3,4,2,2,1,2,2,2,1,1,8,2,5,5,1,1,4,1,4,1.67,4.67,1.74,0,92.5,0
29,1,1,6,8,51,2,4,3,1,1,5,0,3.5,0,27.388,66,3,1.09,4,0,1,1,1,1,7,2,1,3.9,5,2,1,2,2,1,4,3,2,2,2,2,2,1,1,7,2,5,5,4,1,4,1.25,3.9,2,2.67,3,0,94.3,0
30,0,1,5,7,41,3,3,3,1,1,3,0,3.75,0,22.4505,47,2,0.97,4,0,5,6,1,1,11,2,1.5,4,4,2,3,2,2,10,9,2,2,2,2,2,2,1,1,4,4,4,4,3,3,4,1,3.7,1.67,2.67,2,0,92.5,0
32,0,1,3,7,38,4,4,3,1,1,5,0,4,0,20.969,62,3.33,-0.11,4,0,1,4,2,1,8,1,2,3.7,4,2,1,1,1,1,4,2,2,2,2,2,2,2,1,8,4,5,5,4,1,4,1.25,4,1.67,4.67,3.68,0,91.6,0
48,1,0,1,7,45,5,4,3,1,1,5,0,4,0,23.876,72,1.75,0.3,4,0,3,4,1,1,14,1,1,4,5,2,1,2,2,5,4,2,2,2,1,2,2,1,1,8,1,5,4,2,2,4,2,3.9,1.33,5,1.75,0,92.5,0
58,1,1,4,8,53,4,3,3,1,1,5,0,4,0,28.089,51,2.33,0.91,4,0,1,4,1,1,4,2,1,3,4,5,1,1,6,1,3,1,2,2,2,2,2,1,1,11,3,4,4,1,1,4,1,3.4,2.33,3.33,0.9,0,92.9,0
65,0,1,8,8,54,5,4,3,1,1,5,0,4,1,29.518,71,3.67,0.43,4,0,1,3,2,1,9,1,1.75,2.5,5,1,1,3,6,1,3,2,2,2,2,2,2,2,1,6,4,5,5,1,2,4,1.25,3.2,1.33,3,3.67,0,94.3,0
66,0,1,3,7,39,5,3,3,1,1,3,0,4,0,21.354,78,1.83,-0.5,4,0,1,3,1,1,10,2,1.25,3.1,4,2,3,1,3,1,3,3,2,2,1,2,2,1,1,8,4,4,5,1,4,4,2,3.5,1,1.67,1.83,0,92.5,0
76,0,1,3,8,67,5,5,2,1,1,4,0,4,1,34.499,48,2.17,-0.27,4,0,1,3,1,2,13,2,1.5,3,3,1,2,1,1,1,3,2,2,2,2,2,2,1,2,6,2,2,5,1,3,3.75,1.5,4,1,2,2.17,0,88.9,0
78,0,1,6,8,57,4,5,2,1,1,5,0,4,1,30.454,52,2.83,0.24,4,0,1,3,2,2,5,2,2,3.2,4,3,1,2,2,1,3,3,2,2,1,2,2,2,2,5,4,4,4,3,1,4,1.5,4,2,5,2.83,0,92.5,0
79,0,1,3,7,31,3,2,3,1,1,2,0,4,0,17.391,71,3,-1.27,4,0,1,4,2,3,9,1,1.25,4,4,3,1,3,3,1,6,3,2,2,1,2,2,2,2,10,3,4,5,5,2,4,2,3.7,1.33,4.67,1.9,0,92.1,0
84,0,1,4,8,32,3,1,3,1,1,4,0,4,0,18.114,66,2.67,-1.01,3.5,0,5,1,2,2,12,2,1.25,3.6,4,5,1,2,2,5,1,4,1,1,1,2,2,2,2,8,4,5,5,3,1,3.75,2,3,1.67,3.33,2.67,0,90.2,0
86,0,1,2,8,34,1,3,1,1,1,3,0,4,0,18.511,48,2,-1.01,3.5,0,3,2,2,2,2,2,2,2.9,2,1,3,1,1,6,2,1,2,1,2,2,2,2,1,10,3,5,5,3,1,4,1,3.8,2,4.33,2.06,0,88.5,0
102,0,1,2,8,54,5,4,2,1,1,5,0,4,0,28.234,55,0.67,0.45,4,0,1,3,1,1,7,2,1.25,3.9,2,1,4,2,2,1,3,3,2,2,2,1,2,1,1,7,2,5,5,1,1,4,1,3.9,2.33,4.33,1.62,0,88.9,0
106,1,0,5,8,50,5,4,2,1,1,2,0,4,0,26.893,78,2.33,-0.94,4,0,5,4,2,1,10,1,2,3.9,4,2,1,1,1,5,4,3,2,2,1,2,2,2,1,10,4,4,5,4,1,3.75,1,3.1,1,1,2.33,0,92.5,0
118,0,1,5,8,55,5,3,3,1,1,3,0,4,0,29.178,71,1.58,1.22,4,0,3,4,2,1,9,1,1.5,3,2,1,3,2,1,3,4,3,2,2,1,2,2,2,1,11,4,5,5,1,3,4,2.75,3.8,1.33,3.67,1.76,0,92.5,0
125,0,1,6,8,66,3,2,3,1,1,5,0,4,0,34.239,78,2.5,0.89,4,0,1,3,2,1,10,2,1,3.7,5,2,2,5,5,1,3,5,2,2,1,2,2,2,1,8,3,4,5,4,1,4,2,3.1,1.67,3.67,2.29,0,94.3,0
143,0,1,3,8,50,4,2,3,1,1,4,1,4,1,26.444,60,3.9,-0.94,3,0,3,5,1,4,10,2,1,3.8,4,6,1,1,3,3,6,3,2,2,1,2,2,1,2,10,3,5,5,6,1,4,1.75,3.9,1.33,4.67,3.92,0,92.1,0
149,0,1,5,8,30,4,2,2,1,1,5,0,4,1,17.599,62,3.33,0.11,4,0,1,5,2,2,8,1,1,3.5,5,2,1,1,1,1,2,1,2,2,2,2,2,2,1,8,2,5,5,3,1,4,1.5,3.4,1.33,3,2.92,1,90.2,0
151,0,1,6,8,55,4,4,3,1,1,5,0,4,0,29.45,71,2.67,-0.54,4,0,3,3,2,3,9,2,1.5,3.9,5,1,2,1,1,3,4,2,2,1,1,2,2,2,2,6,2,5,5,4,1,4,1.5,3.7,3,3.67,2.86,0,91.3,0
165,1,1,7,7,23,4,4,3,1,1,4,0,4,0,14.882,72,4,0.58,4,0,1,5,2,1,12,2,1.25,3.2,5,6,1,4,4,1,5,4,2,2,2,2,2,2,1,5,4,5,5,6,1,4,1,4,2,2.67,3.21,0,92.8,0
168,1,1,5,7,60,4,3,3,1,1,4,0,3.75,0,31.3315,48,2,0.31,3.25,0,1,3,1,2,13,1,1,3.2,4,3,1,2,2,1,3,2,2,2,2,2,2,1,2,5,3,4,5,1,1,3,1.25,3.7,2.33,4.33,2.26,0,91.3,0
171,0,1,4,8,53,4,4,3,1,1,5,0,4,0,28.136,53,2.67,-0.18,3,0,1,3,2,2,6,2,1.5,3.1,3,1,1,2,2,1,3,3,2,2,2,2,2,2,2,9,4,4,4,3,1,4,1,4,2,4.67,2.92,1,91.6,0
173,0,1,3,8,53,4,4,2,1,1,5,0,4,0,27.889,53,3.2,-0.63,4,0,5,6,2,1,2,1,1,4,3,1,1,1,3,5,4,2,1,2,1,1,2,2,1,3,2,3,3,1,2,4,1,3.8,2,4,2.85,0,92.6,0
176,0,0,2,8,38,3,3,1,1,1,2,1,4,0,20.492,53,1.42,0.13,4,0,1,5,2,1,2,1,3,2.8,4,2,1,4,4,1,6,1,2,2,2,2,2,2,1,8,1,4,4,6,2,4,4,2.7,1.33,2,2.36,0,90.2,0
178,1,1,2,8,53,5,5,2,1,1,5,0,4,1,27.951,51,2.33,-0.2,4,0,1,3,2,3,4,2,1,4,4,3,1,1,1,1,3,2,2,2,2,2,2,2,2,9,3,4,4,3,1,4,1,3.9,2,4,2.33,0,90.2,0
181,1,1,5,8,52,1,1,3,1,1,5,0,4,1,27.447,51,3.17,0.12,4,0,1,6,2,3,4,2,1.75,3.6,5,3,1,3,3,1,6,2,2,2,2,2,2,2,1,9,2,5,5,3,1,4,1,3.9,1.67,5,2.36,0,90.2,0
183,0,1,5,7,42,4,4,3,1,1,5,0,4,0,23.201,62,3,-1.34,4,0,1,7,2,3,8,2,1,4,5,1,1,1,1,1,7,3,2,2,2,2,2,2,2,8,4,4,5,2,2,4,1,4,1.67,4.33,3.71,0,93.3,0
201,0,1,4,7,56,4,2,2,1,1,4,0,3.75,1,29.1665,50,4,0,3.25,0,1,7,2,4,12,2,1,3.5,5,4,1,3,3,1,4,4,2,2,2,2,2,2,2,6,4,5,5,5,1,4,1.25,3.1,2.67,3.33,3.09,0,96,0
205,1,0,3,8,23,5,4,1,1,1,5,0,3.75,0,14.1105,71,1.17,0.3,3.75,0,3,4,1,3,9,1,1.5,3.9,5,1,1,1,1,3,5,2,2,2,1,2,2,1,2,11,3,4,5,1,1,3.75,1.75,4,2,4.67,1.17,0,92.5,0
206,0,0,6,2,42,3,2,3,1,1,4,0,4,0,22.649,78,3.27,0.29,4,0,6,5,2,1,10,1,1.5,3.1,5,3,2,2,2,5,8,5,2,2,1,2,2,2,1,10,4,5,5,3,1,4,2,3.5,1.67,2.33,4,0,96,0
219,1,1,5,8,50,4,3,3,1,1,5,0,4,0,26.91,62,2.67,0.42,3.5,0,2,1,2,1,8,2,3.25,3.2,5,3,1,2,2,5,1,4,2,2,2,2,2,2,1,8,2,4,5,3,1,3.5,2,3.2,1.33,1.67,2.63,0,91.3,0
220,1,1,4,8,39,4,3,3,0,1,5,0,4,0,21.204,78,2.58,-0.65,4,0,1,5,1,3,10,2,1,4,4,1,1,1,1,1,4,3,2,2,2,2,2,1,1,10,2,3,5,1,1,4,2,3.7,2.33,4.33,2.08,0,88.9,0
227,1,1,3,7,34,4,4,2,1,1,5,0,4,0,19.125,71,2.25,0.07,4,0,1,3,2,1,9,2,2.25,3.3,5,1,2,2,2,1,3,3,2,2,2,2,2,2,1,5,3,5,5,1,1,4,1,3.1,1.67,3,2.78,0,91.3,0
229,0,1,5,8,39,3,3,3,1,1,5,0,4,0,21.736,60,2.75,-1.24,3.25,0,1,5,1,2,6,1,1,3.7,4,3,1,2,2,1,5,3,2,2,2,2,2,1,2,8,3,4,4,3,1,3.5,2.5,3.6,2.67,2.67,2.67,0,92.6,0
231,0,1,3,8,50,2,2,3,1,1,4,0,4,0,26.182,78,1.33,-0.13,4,0,1,3,2,1,10,2,3,2.3,5,1,1,2,2,1,3,2,2,2,2,2,2,2,1,10,2,4,5,1,1,4,2.5,3.1,1.67,4,2.34,0,88.5,0
235,1,1,5,7,41,4,2,3,1,1,5,0,3.75,0,22.5575,70,3,-1.12,3.25,0,1,4,1,3,7,2,1,3.1,4,2,1,1,1,1,4,1,2,2,2,2,2,1,2,7,3,5,4,3,1,3,3,3.8,3.33,4.67,3.79,0,92.1,0
245,0,1,7,8,68,3,2,3,1,1,4,0,3,0,35.122,54,3.9,0.71,3.75,0,1,3,2,1,5,1,2.5,2.4,4,4,1,9,3,1,4,4,2,2,1,2,2,2,1,10,4,4,5,5,2,4,2,3.1,1,4.67,3.63,0,94.8,0
249,0,1,2,8,32,4,3,3,1,1,5,0,4,0,18.013,71,1.67,-0.37,4,0,5,5,1,1,9,2,1.25,3.2,4,2,1,9,9,5,2,2,2,2,2,2,2,1,1,9,3,5,5,2,1,4,1,4,1.33,3.67,2.36,0,91.3,0
258,0,1,6,7,53,4,3,3,1,1,5,0,4,0,28.36,72,4,1.04,4,0,1,3,1,1,12,1,1.5,3.2,5,6,1,9,9,1,2,4,2,2,2,1,2,1,1,7,4,4,5,2,1,4,2,3.3,1.67,4.67,4.17,0,96,0
262,0,1,2,8,32,1,4,2,1,1,4,0,3.75,1,17.7625,78,2.6,-0.95,3.5,0,1,7,2,4,10,1,1.75,3.3,5,3,1,1,3,5,4,1,1,1,1,1,2,2,2,10,4,4,5,3,1,3.25,1.75,3.6,1.33,5,2.07,0,92.1,0
266,1,1,2,8,30,5,3,3,1,1,4,1,4,1,17.279,52,0.67,0.28,4,0,3,3,1,1,3,1,1.5,2.8,4,1,1,1,1,3,3,4,2,2,1,2,2,1,1,3,3,4,5,2,2,4,2.5,2.5,1.67,4.67,0.67,0,94.3,0
282,1,1,3,8,53,4,4,3,0,1,4,1,4,1,27.579,40,1.75,-1.04,3.75,0,1,4,1,2,10,1,1.25,3.9,5,6,1,2,2,1,4,3,2,2,2,2,2,1,2,11,4,5,5,2,2,4,1,4,2,4.33,1.22,0,90.2,0
285,0,1,4,7,48,4,1,2,1,1,3,0,3,0,25.176,55,2.5,0.45,2.75,0,1,3,1,1,7,1,1,3.5,4,2,1,1,1,1,2,3,2,2,2,2,2,1,1,7,4,4,5,3,1,3.25,1,3.5,1.33,3.33,2.92,0,96,0
289,0,1,3,7,50,1,1,3,1,1,5,0,4,0,25.961,72,3.27,-0.58,3.5,0,1,3,1,3,13,1,3,3,5,6,1,1,1,1,4,1,2,2,2,2,2,1,2,7,3,5,5,2,1,3.5,1.5,3.4,2,5,2.87,0,92.1,0
297,0,1,3,8,39,4,4,3,1,1,3,0,3,0,21.244,45,2,-0.56,3.25,0,3,4,2,2,13,1,3,2.9,4,1,1,1,1,1,4,1,2,2,2,2,2,2,2,11,4,3,4,2,1,3.5,1.5,3.8,1,5,2.44,0,92.5,0
307,1,1,5,7,42,2,1,3,1,1,5,0,4,0,22.81,60,1.9,0.19,4,0,1,5,1,1,3,1,1.25,3.6,5,3,1,1,3,1,4,3,2,2,1,2,2,1,1,3,2,2,5,1,1,4,2,2.8,2.33,4.33,2.86,0,96,0
308,0,1,2,8,37,2,2,1,1,1,5,0,3.25,0,19.8055,66,3,0.3,3,0,1,5,1,4,12,2,1.25,2.9,5,2,1,3,3,1,5,2,2,2,1,2,2,1,2,5,3,5,4,2,1,3,2,3.6,1.67,4,3.21,0,92.1,0
312,0,1,3,8,55,3,3,2,1,1,3,1,4,0,28.612,78,1.92,-0.58,4,0,5,4,2,1,10,2,1.75,2.3,5,5,1,2,2,5,2,3,2,1,2,2,2,2,1,8,4,3,5,1,2,4,2,3.1,1.67,3.33,1.92,0,92.5,0
315,0,1,2,8,53,5,4,2,0,1,4,0,4,0,27.281,78,3.73,-0.75,4,0,1,10,1,2,10,1,1.25,3.8,5,3,2,2,2,1,7,2,2,2,2,2,2,1,1,10,3,4,5,3,1,4,1.5,3.3,1.67,2,3,0,96,0
322,0,1,4,8,39,5,4,3,1,1,5,1,4,1,21.888,78,1.17,-0.31,4,0,1,2,1,1,10,1,1,3.8,4,1,3,1,1,1,3,3,2,1,2,2,2,1,1,10,4,3,4,1,2,4,1,3.7,2.33,4.33,0.45,1,92.5,0
324,0,1,4,7,49,5,5,3,1,1,4,1,4,0,26.4,78,3,-0.03,4,0,1,3,2,2,10,2,2,2.7,5,3,1,2,2,8,4,1,2,2,2,2,2,2,2,5,3,4,5,2,2,4,2,4,1,4,3,0,88.9,0
340,0,1,6,8,42,3,4,1,1,1,4,0,4,0,23.266,55,2.83,1.11,4,0,1,4,1,1,7,1,1.5,3.3,4,2,1,1,1,1,3,2,2,2,2,2,2,1,1,7,4,5,5,2,2,4,1.75,4,1.67,1.67,2.83,0,94.3,0
343,0,1,5,8,44,2,2,3,1,1,5,0,4,1,23.906,78,3.83,1.24,4,0,1,3,2,1,12,1,1.25,2.8,5,3,1,1,1,1,3,2,1,2,2,2,2,2,1,10,4,5,5,6,2,4,2,2.8,1,3,3.96,0,91.6,0
346,0,1,6,8,53,4,2,2,1,1,5,0,4,1,28.354,61,3.5,0.06,4,0,1,2,2,2,10,2,1.5,3.8,5,3,1,3,3,1,2,2,2,2,1,2,2,2,2,11,3,5,5,2,1,4,1.75,3.8,1.67,4.67,3.5,0,90.2,0
357,1,1,4,8,53,5,5,1,1,1,5,1,4,1,28.345,78,1.33,-0.4,3.5,0,1,4,1,2,10,1,1,3.8,5,2,1,7,1,1,5,1,2,2,2,2,2,1,2,6,4,5,5,1,1,4,1.75,4,2.67,2,1.36,0,92.5,0
365,1,1,3,8,34,3,3,2,0,1,3,0,4,0,18.508,71,3.25,0.3,4,0,1,5,2,2,9,1,2.25,2.3,5,4,1,1,1,1,6,1,2,1,2,2,2,2,2,10,2,4,5,2,1,4,2,3,2.33,3.33,3.25,0,92.5,0
366,1,1,4,8,55,4,2,1,1,1,4,0,4,0,28.786,78,2.5,0.16,4,0,5,6,1,1,10,1,2,3.4,5,2,2,2,1,10,2,2,2,2,2,2,2,1,1,8,3,4,4,1,3,4,2,3.1,2,3.67,2.6,0,90.2,0
383,0,1,5,7,53,5,3,3,1,1,5,0,3.25,0,28.0975,54,2.33,-1.01,3.75,0,1,6,2,1,5,1,1.5,3.4,2,4,1,2,1,1,5,2,2,1,2,2,2,2,1,5,4,4,5,2,1,3.5,1.75,3.3,1.33,2.33,0.21,0,91.3,0
399,0,1,3,7,48,5,4,3,1,1,5,0,4,0,25.643,78,3,0.44,4,0,7,7,1,2,10,1,1.75,2.9,5,3,1,1,1,7,4,2,2,1,2,2,2,1,1,9,4,4,5,2,1,4,1.5,3,1.33,4.33,2.4,0,96,0
421,0,1,6,8,42,4,4,2,1,1,3,0,4,1,23.411,57,2.9,0.12,4,0,1,4,2,2,13,1,1.75,2.7,4,2,2,9,3,1,4,3,2,2,2,2,2,2,1,14,2,4,4,4,1,4,1.5,2.7,1.33,2,3.33,0,94.8,0
429,1,1,3,8,42,1,1,1,1,1,5,0,4,0,22.316,78,2.17,-0.3,4,0,3,5,2,3,10,1,2.5,2.8,5,2,1,5,1,5,5,2,1,2,2,2,2,2,2,8,4,3,5,1,4,4,1.25,3,1.67,3.67,1.51,0,91.3,0
435,0,1,5,7,39,2,2,3,1,1,4,0,3,0,21.247,38,2.83,0.24,4,0,1,6,2,3,10,2,1,4,5,3,1,2,2,1,6,4,2,2,2,2,2,2,2,11,4,4,5,5,2,3.75,1.25,3.6,2,4.33,2.83,0,92.5,0
464,0,1,2,7,38,5,2,3,1,1,5,0,4,0,20.679,78,2.33,0.2,4,0,1,3,2,1,10,2,2,3.2,5,1,1,2,2,1,3,1,2,2,1,2,2,2,1,10,4,4,5,2,2,4,1.5,3.7,2.67,4,1.61,0,88.9,0
468,0,1,4,7,42,5,4,3,1,1,4,0,4,0,23.052,53,2.9,-0.01,3,0,1,2,2,4,2,1,1.25,2.8,5,2,2,1,2,1,3,3,2,2,1,2,2,2,2,10,4,5,5,3,1,3,1,3.7,2,4.67,3.58,0,94.7,0
475,0,1,2,7,16,3,1,1,0,0,1,1,4,0,9.626,48,2.1,-0.07,3.5,0,1,3,1,2,13,1,1.25,3.6,4,2,2,1,3,1,3,2,2,2,1,2,2,1,1,6,3,3,3,5,3,4,1,2.1,1,1,2.1,0,96,0
479,0,1,8,7,46,5,5,3,1,1,4,0,4,0,25.768,78,4,0.72,4,0,1,4,1,2,10,2,1.25,4,5,3,1,1,1,1,3,3,2,2,2,2,2,1,2,10,4,5,5,5,1,4,1.25,3.7,1,4.67,4.8,0,94.7,0
483,0,0,3,8,44,4,3,2,1,0,4,0,4,1,23.598,78,2.8,0.25,4,0,5,4,2,2,10,1,1,4,5,2,2,1,1,5,4,2,1,1,1,2,2,2,2,11,2,3,5,3,1,3.75,2,2.6,2,2.67,3.7,0,93,0
484,0,1,2,8,34,3,2,1,1,1,3,0,4,0,18.591,49,1.73,-0.26,3,0,1,3,1,1,6,1,3.25,1.5,2,1,2,2,4,1,2,4,2,2,2,2,2,1,1,11,2,1,4,1,2,4,2,1.4,1.67,1.33,1.08,0,95.5,0
490,1,1,4,8,55,5,4,3,1,1,5,0,4,1,29.226,78,1.67,0.5,4,0,2,4,2,2,10,2,1,4,5,2,1,2,2,4,1,2,2,2,2,2,2,2,2,10,4,5,5,2,2,4,2,3.6,1,4.33,1.67,0,92.5,0
501,0,1,6,8,23,3,2,2,1,1,4,0,3,1,14.267,66,3.58,-1.25,4,0,5,3,1,1,7,1,1.25,2.9,4,1,2,1,1,5,2,3,2,2,2,2,2,1,1,11,4,5,4,2,2,3,2.75,3.1,1.67,3.33,3.58,0,90.2,0
509,0,1,2,7,50,5,4,3,1,1,5,0,4,1,26.41,78,3.55,-0.82,3.5,0,1,3,2,3,10,2,1.75,3.5,3,3,1,1,1,4,3,3,1,2,2,2,2,2,2,8,4,4,5,2,2,3.75,2,3.8,1.33,2.67,3.08,0,95.3,0
513,0,1,4,8,37,4,3,3,1,1,4,0,3.75,1,20.6665,60,2.67,-0.3,3,0,1,2,1,3,6,2,1.5,2.9,4,2,1,6,1,1,2,3,2,2,1,2,2,1,2,6,3,5,4,2,1,3,1,3.5,2.33,1.67,2.67,0,92.5,0
516,0,1,3,8,34,4,4,3,1,1,4,0,4,0,19.182,57,3.08,0.25,4,0,1,8,2,1,13,1,1.5,3.6,5,2,1,9,3,5,9,4,2,2,1,2,2,2,1,5,1,5,5,2,2,4,3.25,2.9,2,2.33,2.02,0,92.5,0
522,0,1,5,7,42,4,1,2,1,1,4,0,4,0,22.853,51,3.58,-0.06,3.5,0,1,5,2,1,4,1,1.75,3,5,5,1,1,1,1,5,3,2,2,1,2,2,2,1,11,2,5,3,6,1,4,2,4,2.67,4,3.27,0,94.8,0
529,0,0,2,8,34,3,2,2,1,1,4,0,4,1,18.687,65,1.75,-0.19,4,0,3,4,1,1,7,2,1.75,3,4,1,1,2,2,3,4,2,2,1,1,2,2,1,1,5,3,3,4,1,3,4,2,3.1,2,2.67,1.43,0,88.9,0
536,0,1,6,8,50,4,4,3,1,1,5,0,4,0,27.155,66,3.17,1.28,4,0,1,3,1,1,7,2,1.75,2.1,5,1,3,1,1,1,3,2,2,2,2,2,2,1,1,7,3,4,4,2,1,4,1.25,4,2.33,4.33,3,0,94.8,0
539,0,1,6,8,51,4,4,2,1,1,4,0,4,0,27.53,78,4,-0.43,4,0,4,3,1,2,10,2,1.5,3.7,5,4,1,2,2,4,6,2,2,2,2,2,1,1,2,10,3,5,5,2,1,4,2.25,3.8,1.67,2.67,4.67,0,96,0
542,0,1,6,8,56,4,4,1,1,1,5,0,4,0,29.811,55,4,1.22,4,0,1,4,2,1,7,1,1,3.4,5,2,1,9,3,1,4,3,2,2,2,2,2,2,1,10,4,5,5,2,1,4,1,3.7,1.67,5,4.22,0,94.7,0
543,0,1,6,8,39,4,4,2,1,1,5,0,4,1,22.104,78,3.2,0.25,4,0,1,4,1,1,7,1,1.75,3.7,5,2,1,2,2,1,4,3,2,2,2,2,2,1,1,6,4,5,5,1,1,4,1.25,3.6,1.33,4.33,3.06,0,91.3,0
544,1,1,5,7,53,4,4,2,1,1,5,0,4,0,28.242,61,3,-0.59,4,0,1,3,2,1,10,1,1.75,3.9,4,1,1,1,1,1,3,4,2,2,1,2,2,2,2,4,3,5,5,5,1,4,1.75,3.8,1,4.67,2.5,0,88.9,0
545,1,1,6,8,60,5,3,3,1,1,4,0,4,0,31.747,78,2.83,1.2,4,0,1,3,2,1,10,1,1,3.7,5,2,1,2,2,1,3,1,2,2,2,2,2,2,1,11,3,5,5,3,1,4,1,3.9,1.67,4.67,3.4,0,91.3,0
553,0,1,6,2,51,4,4,3,1,1,5,0,2.75,0,26.8625,65,3.67,-0.62,2.75,0,1,3,1,4,7,1,1.25,2.89,5,2,1,2,2,1,4,3,2,2,2,2,2,1,2,7,3,5,4,3,1,2.75,1.25,3.4,3.33,4,4.44,0,94.2,0
555,0,1,3,7,31,4,3,3,1,1,3,0,4,0,17.598,71,1.8,-0.27,4,0,1,3,2,1,9,1,3.25,3,3,1,1,9,3,1,5,3,2,2,2,2,2,2,1,10,4,4,5,2,1,4,3,3.7,2.33,5,2.64,0,94.7,0
566,0,0,3,8,21,4,4,3,0,1,4,0,4,0,12.721,66,3.5,-0.69,3.75,0,1,10,1,1,14,1,1.5,3.9,4,1,1,2,1,1,5,4,2,2,2,1,2,1,1,10,3,4,4,1,1,4,2.5,3.5,1.67,3,2.5,0,92.6,0
569,0,1,5,8,34,4,3,2,1,1,4,0,4,1,19.488,54,3.83,-0.82,3,0,1,3,2,3,5,1,1,3.6,4,4,3,2,2,1,3,3,2,2,2,1,2,2,2,8,4,5,4,3,1,3,1.5,3.9,1.67,1.67,3.9,0,93.3,0
570,0,1,2,7,44,5,2,2,1,1,5,0,4,0,23.384,56,3.6,-0.41,4,0,1,10,2,2,8,1,1.75,3.8,2,3,1,1,9,1,4,5,2,2,1,2,2,2,2,5,4,4,4,2,1,4,1.5,3.3,1.67,5,3.73,0,94,0
571,1,1,2,8,37,5,4,3,1,1,4,0,4,0,20.486,43,1,-0.21,3,0,1,4,1,1,14,1,1,3.9,2,1,1,1,1,1,5,3,2,2,2,2,2,1,1,8,3,2,2,1,1,3,1.25,3.8,2.67,5,3.46,0,93.9,0
573,1,0,6,7,31,3,1,2,1,1,4,0,4,0,17.924,50,4,1.65,3,0,1,3,2,1,10,2,1.25,4,5,2,2,4,9,1,3,3,2,2,2,2,2,2,1,5,4,5,5,3,1,4,2,3,1.33,1.33,3.7,0,93.9,0
578,0,1,2,8,31,4,5,1,0,1,2,1,4,1,17.162,40,0.92,0,4,0,1,5,1,1,7,1,2.5,3.6,3,3,2,1,1,1,3,3,2,2,2,1,2,1,1,7,3,4,5,2,1,4,2.75,2.9,2.33,4.33,0.83,0,94,0
580,0,1,7,7,60,5,5,3,1,1,5,0,4,0,32.031,78,3.1,-0.96,4,0,1,5,1,1,10,1,1.5,3.7,3,2,1,1,3,1,5,3,2,2,2,1,2,1,1,10,1,5,4,4,1,4,1,3.7,2.67,4.67,3.7,0,93.2,0
596,1,1,6,8,51,1,1,1,1,1,3,0,4,0,26.971,71,3.5,-0.2,4,0,1,3,2,1,9,2,1,4,5,3,1,1,2,1,4,2,2,2,2,2,2,2,1,9,3,5,5,2,2,4,1.75,3.9,2,3,3.13,0,92.5,0
599,0,1,2,7,38,4,1,3,1,1,4,0,4,0,20.472,54,2.83,-0.23,4,0,5,1,2,1,5,2,2,2.6,5,2,1,1,2,5,1,2,2,1,1,2,2,2,1,8,3,4,5,1,1,4,3.25,1,1.33,4.67,1.44,0,91.3,0
610,0,1,5,8,34,4,3,1,1,1,4,0,4,0,19.392,54,2.7,-0.2,4,0,7,5,2,2,10,1,2,3.4,4,2,1,9,9,7,7,3,2,2,1,2,2,2,2,10,4,5,5,1,3,4,2.25,3,1.33,3,3.33,0,96,0
641,1,1,2,6,39,5,5,3,1,1,5,0,4,1,21.406,52,2.63,0.84,4,0,5,7,1,4,6,1,2,2.7,5,3,1,3,2,3,6,1,1,1,2,2,2,1,1,6,1,3,4,3,2,3,1.5,3.44,1,3.67,1.33,0,96,0
646,0,1,2,8,39,5,4,3,1,1,5,1,3,1,21.294,71,2.33,-1.09,2.75,0,1,3,1,3,9,2,1,3.3,5,2,1,1,1,1,4,2,2,2,1,2,2,1,2,3,3,5,5,2,1,2.75,1.5,3.8,2,4.33,2.4,0,93.2,0
652,0,1,3,8,50,5,2,3,1,1,5,1,4,1,26.563,66,2.67,0.37,4,0,3,4,1,2,7,1,2,4,4,1,1,2,2,3,4,3,2,2,2,2,2,1,1,7,3,4,5,1,1,4,1.75,4,2,3.67,2.67,0,94.3,0
653,1,1,6,8,42,4,3,2,1,1,4,0,4,0,23.352,62,2.33,0.95,4,0,1,2,1,1,8,2,1.5,3.2,4,2,3,2,2,1,2,2,2,2,2,2,2,1,1,6,2,3,4,3,2,4,2.25,2.9,1.33,3,2.78,0,91.3,0
654,1,1,5,8,49,5,4,3,1,1,4,0,4,0,26.588,78,2.9,0.48,4,0,1,5,2,2,10,2,1.25,3.3,5,2,1,1,1,1,3,2,2,2,1,2,2,2,2,5,3,5,5,1,2,4,1,3.6,2,4,2.43,0,91.3,0
657,0,1,5,7,42,4,4,3,1,1,4,0,4,0,23.166,72,4,0.91,4,0,1,3,2,2,12,2,2.75,3.5,5,5,1,1,1,1,3,3,2,2,2,2,2,2,1,14,2,5,5,6,1,4,2.25,2.2,1.67,3,4,0,94.8,0
664,0,1,6,8,32,3,2,2,1,1,5,0,4,0,18.584,71,3.08,-0.56,4,0,1,4,1,1,9,2,1,3.4,4,2,1,8,2,1,3,2,2,2,2,2,2,1,1,9,3,5,5,2,2,4,1.25,3.4,1.67,4.33,2.36,0,90.2,0
686,0,1,6,8,58,4,3,2,1,1,5,0,4,0,30.69,55,3.8,-0.77,4,0,1,3,1,1,7,1,1.25,3.8,4,2,1,1,1,1,3,3,2,2,2,2,2,1,1,7,4,5,5,6,1,4,1.25,3.8,2,2.33,3.6,0,93.9,0
699,0,1,6,8,42,3,2,3,1,1,4,0,4,0,23.188,78,3.6,0.64,3,0,1,4,2,2,10,1,2,2.7,5,3,2,9,9,5,3,3,1,2,2,2,2,2,1,10,3,5,5,6,1,4,2.5,3,1.67,3.67,3.5,0,94.8,0
708,0,1,6,8,39,5,5,3,1,1,4,0,3.25,1,22.1415,78,2.92,0.27,3,0,1,6,2,3,9,1,2,3.4,5,4,1,2,2,1,10,2,2,2,1,2,2,2,1,10,3,5,5,3,2,3,2,3.2,1.67,3.33,3.08,0,95.5,0
724,0,1,6,6,62,1,1,3,1,1,5,0,4,0,31.979,78,4,0.41,4,0,1,7,2,3,10,1,1.25,3.9,5,4,1,9,3,1,6,5,2,2,1,1,2,2,1,10,4,5,5,3,1,4,1.75,3.8,2,5,3.5,0,96,0
729,1,1,5,7,62,5,3,3,1,1,4,0,4,0,32.383,48,2.6,-0.03,3.5,0,1,4,1,1,10,1,1.75,3,4,2,1,9,9,1,4,3,2,2,2,2,2,1,1,5,4,4,5,3,1,4,3,2.2,2,2,3.08,0,94.2,0
740,0,1,6,8,50,2,1,3,1,1,2,0,3.75,1,26.6155,54,3.25,0.44,4,0,1,6,2,1,5,1,1.75,3,5,3,1,9,3,1,6,3,2,2,2,2,2,2,2,5,4,4,5,2,1,4,2.75,2.3,1,4,3.3,0,94.7,0
748,0,1,5,8,47,5,4,1,1,1,5,1,4,0,25.613,60,2.4,-0.55,4,0,1,3,1,1,7,1,1,3.9,5,4,1,1,9,1,3,2,2,2,2,2,2,1,1,7,3,5,5,4,4,4,1,3.8,1.67,3.33,3.36,0,94.8,0
751,0,1,5,7,42,4,5,3,1,1,3,0,4,1,23.266,78,3.2,-0.66,3.75,0,1,4,2,3,10,1,1,4,4,2,1,1,1,1,4,4,2,2,2,2,2,2,2,10,2,4,4,4,1,3.5,1,4,2,5,3.5,0,93.3,0
752,0,1,5,8,34,2,1,3,1,1,4,0,3.5,0,19.047,54,1.92,-0.73,4,0,1,6,2,1,5,1,1.33,3.8,5,2,2,1,3,1,5,2,2,2,2,2,2,2,1,10,2,5,5,4,1,4,1.25,4,1.33,2.67,1.67,0,94.7,0
753,0,0,1,8,31,2,2,3,1,1,5,0,3,1,16.914,40,1.5,-1.07,4,0,1,4,1,1,6,2,1,3.78,4,2,1,1,1,1,5,2,2,2,2,2,2,1,1,6,4,2,4,1,1,3.5,1,3.5,3,4.33,0.5,0,93.2,0
754,0,1,5,8,39,4,4,3,1,1,3,0,4,0,21.838,40,3.6,-0.87,3.5,0,1,4,1,1,13,1,1.75,2.9,3,1,1,1,1,1,4,2,2,2,2,2,2,1,1,3,3,3,4,1,1,3.25,1.5,3.7,2.33,4.33,2.5,0,94.7,0
755,0,1,4,8,20,5,5,3,1,1,4,0,3.75,0,13.0765,71,1.8,-0.59,3.75,0,1,12,1,1,9,1,1.25,3.3,4,2,1,1,3,1,8,2,2,2,2,2,2,1,1,7,4,5,5,2,1,4,1,3.9,1.33,4.67,2.83,0,94.7,0
760,0,1,1,7,18,3,1,3,0,1,4,0,3.75,0,10.5015,40,1.6,0.4,4,0,5,2,1,1,12,1,1.25,3.5,4,1,2,1,1,1,2,2,2,2,2,2,2,1,1,7,4,3,4,5,2,4,1.75,4,2.33,2,0.5,0,93.9,0
767,0,1,5,8,42,4,2,3,1,1,3,0,3.25,0,22.8905,78,2.6,-1.12,3,0,1,5,2,2,10,1,2,4,5,2,1,1,9,1,5,3,2,2,1,2,2,2,1,8,1,5,5,2,1,3.25,1.5,3.6,1.67,5,3,0,94.1,0
783,1,1,3,8,38,4,4,3,1,1,3,1,4,1,21.118,62,3.3,-1.39,3,0,1,6,2,1,8,1,2.75,3.2,2,2,1,1,1,1,7,4,2,2,1,2,2,2,2,5,3,4,5,5,1,3,2,3,2.67,4,2,0,92.1,0
785,1,1,4,8,53,4,4,3,1,1,4,1,4,1,28.236,66,2.5,-0.52,4,0,3,7,2,1,10,1,1,3,5,2,1,1,1,8,1,1,2,2,2,2,2,2,1,9,4,5,5,2,1,4,1,4,2.67,5,2.5,0,94.2,0
789,0,1,2,8,21,4,5,3,1,1,5,0,4,1,13.187,71,2.9,-1.19,3.25,0,1,5,1,3,9,1,1,3.3,4,1,1,1,1,1,6,3,2,2,2,2,2,1,2,4,2,4,4,4,1,3.75,1.25,3.5,2,4.67,2.1,0,93.6,0
800,0,1,3,8,20,3,3,2,1,1,3,1,4,1,12.594,57,2.3,-1.24,3.75,0,1,11,1,2,13,1,1,2.5,5,1,1,1,1,1,4,3,2,2,2,2,2,1,1,5,3,5,5,1,1,4,1,3.9,3.33,2.67,2,0,92.1,0
806,0,0,7,8,51,2,3,2,1,1,4,0,4,0,27.437,54,3.5,0.34,4,0,1,5,2,3,5,1,3.5,3.6,4,4,1,1,1,1,5,2,2,2,2,1,2,2,1,5,4,5,5,3,1,4,3.25,2.3,2.33,2,3.88,0,96,0
810,0,1,5,7,48,3,3,3,1,1,5,0,4,1,25.83,65,3.5,0.39,4,0,1,5,2,2,12,2,2.25,4,5,3,2,3,3,1,2,3,2,2,2,2,2,2,1,6,3,5,5,5,1,4,2.75,3.6,1.67,5,1.5,0,94.8,0
822,0,1,3,8,45,4,3,2,1,1,4,1,3,0,23.943,78,2.5,0.7,4,0,5,6,2,1,10,2,2,3.3,4,2,2,1,1,5,5,3,2,2,2,2,2,2,1,6,4,4,5,2,2,4,1.75,3.1,2.33,2.67,2.83,0,94.8,0
826,0,1,2,8,44,3,2,2,1,1,3,0,3.5,0,23.131,60,2,1.07,4,0,1,6,2,1,6,1,2,2.9,4,2,1,9,3,1,6,2,2,2,2,2,2,2,1,5,4,4,4,4,1,4,2.5,2.7,1,2,1.74,0,94.8,0
830,1,1,1,8,31,1,3,2,1,1,5,1,4,0,17.143,78,0.4,-0.96,3.75,0,1,4,1,1,10,1,2.75,2.3,5,1,1,1,1,1,4,3,2,2,2,2,2,1,1,10,2,5,5,1,1,3.5,1.75,2.5,2.33,4.33,0.1,0,94,0
834,0,1,3,7,42,1,1,2,1,1,4,0,3.25,0,22.0565,54,3.82,0.54,3.25,0,1,4,2,4,5,2,2,2.5,4,2,1,1,1,5,4,3,2,2,2,1,2,2,1,5,1,4,4,6,1,3.25,2,2.4,1.67,1.67,2.92,0,94.8,0
841,0,1,1,8,28,4,3,3,1,1,3,0,4,1,15.956,32,1.6,-0.88,4,0,5,3,1,2,3,1,3,2.6,2,1,2,1,1,5,1,4,2,2,2,2,2,1,2,3,2,2,5,2,1,4,2.75,3,1,4,0.73,0,90.2,0
842,1,0,2,8,33,4,4,3,0,1,4,0,3.75,0,18.0225,64,1.6,0.17,3.25,0,6,6,1,3,7,2,2.25,4,2,1,1,1,1,5,4,3,2,1,1,2,2,1,1,4,3,3,5,1,4,3,1.75,4,2.33,1,1.88,0,92.6,0
843,0,1,5,8,34,5,5,3,1,1,5,1,4,0,19.832,72,1.8,-1.02,4,0,5,1,2,1,7,1,1.25,3.6,5,3,1,1,1,1,7,5,2,2,1,2,2,2,1,9,3,4,5,2,1,4,1.25,4,2,4.67,2.83,0,92.6,0
846,1,1,4,7,49,1,3,3,1,1,3,0,4,0,25.847,71,2.3,0.37,3.75,0,1,5,2,3,9,2,1.25,3.7,4,2,1,1,1,1,4,2,2,2,1,2,2,2,1,8,4,3,5,4,2,4,2,3,1.67,3.67,2.75,0,94.7,0
849,0,1,5,7,20,3,2,2,1,1,4,1,4,1,12.853,57,3.1,0.39,4,0,1,6,1,3,4,2,2.25,3.7,5,4,2,9,3,1,7,2,2,2,2,2,2,1,1,3,2,3,5,4,2,3.5,3.75,3,1.33,3.33,1.9,0,96,0
853,0,1,5,8,42,4,2,3,1,1,5,0,4,0,23.109,66,2.67,1.47,3.25,0,1,3,1,3,10,1,1.25,3.1,5,3,1,1,3,1,3,2,2,2,1,2,2,1,2,10,1,5,5,3,1,3.75,3,2.7,1,2.67,2.8,0,94.8,0
861,1,0,3,8,31,4,3,3,1,1,4,1,3.75,1,17.7675,57,1.83,0.11,3.5,0,6,4,1,1,13,1,1.5,1.7,3,1,4,2,2,3,4,3,2,2,1,2,2,1,1,8,3,4,5,2,2,4,1.5,2.8,1.33,3.67,0.83,0,91.3,0
868,0,1,2,8,36,3,2,1,1,1,5,1,3.5,1,19.574,56,2,0.72,3.5,0,1,4,1,2,7,1,1,3.2,5,2,1,9,9,1,4,3,2,2,2,1,2,1,1,9,2,5,4,3,1,3.25,2.25,2.8,2.33,3,2.33,0,94.8,0
869,0,1,6,8,62,4,3,2,1,1,4,0,4,0,32.491,62,4,0.74,3.75,0,1,4,2,2,6,2,1,3.8,5,4,3,9,3,1,5,3,2,2,2,2,2,2,1,6,4,4,5,4,1,3.75,1.25,3.6,1.67,2,3.25,0,94.8,0
870,0,1,5,8,62,5,5,3,1,1,5,0,4,1,32.684,62,3.58,0.06,4,0,1,4,2,3,6,1,2.25,3,5,3,1,2,2,1,5,5,2,2,1,2,2,2,2,6,4,5,5,3,1,4,1.25,3.4,1.33,2.33,3.58,0,92.5,0
878,1,1,5,8,27,5,2,3,1,1,2,0,4,1,16.291,62,1.55,0.09,4,0,1,4,2,2,8,1,2.75,3.5,4,1,2,2,2,5,3,4,1,1,2,2,2,2,2,10,4,4,4,6,1,4,4,3,2.67,4.33,1.55,0,88.9,0
885,1,1,5,8,55,4,4,3,1,1,4,1,4,1,29.352,48,2.8,-0.76,4,0,5,4,1,2,13,1,1.5,3.3,4,6,2,3,1,5,5,3,2,2,1,2,2,1,2,5,3,5,4,1,1,3.75,1.5,2.8,2.5,2.67,3.38,0,95.3,0
893,0,1,3,8,42,4,3,2,1,1,4,0,4,1,22.764,62,2.17,-0.22,4,0,1,5,2,3,8,1,2.5,2.4,4,3,3,1,1,1,6,4,2,2,1,1,2,2,2,10,3,5,5,3,2,4,1.75,2.7,2,4,2.22,0,91.3,0
907,0,1,3,8,42,3,2,3,1,1,3,1,3.5,1,22.554,54,2.17,-0.45,3.5,0,1,2,2,3,5,2,1.5,3.7,4,3,1,2,2,1,2,3,2,1,2,2,2,2,2,5,2,5,5,1,2,3,1.75,3.3,1.67,2.67,2.17,0,90.2,0
918,0,1,3,8,30,4,4,3,1,1,5,0,4,0,17.381,40,2.58,-0.67,4,0,1,3,1,3,9,1,2.25,2.9,4,4,1,2,2,1,3,3,2,2,2,2,2,1,2,11,3,4,5,2,2,4,2,3.4,1,3.33,2.58,0,88.9,0
920,0,1,3,8,42,1,3,1,1,1,4,0,4,1,22.463,57,2.5,0.48,4,0,1,7,1,2,14,2,1.25,3.9,2,2,1,2,2,1,9,3,2,2,2,2,2,1,2,11,4,4,4,4,1,4,1,3.7,1.33,5,2.57,0,91.3,0
923,0,1,2,8,53,3,1,3,1,1,5,0,4,0,27.392,56,0.67,-0.41,4,0,1,5,2,3,12,2,2.25,3.7,5,2,1,2,2,1,5,4,2,2,1,2,2,2,2,11,4,4,5,1,2,4,2,3.3,1.67,1.67,0.67,0,92.5,0
926,0,0,4,8,29,5,5,3,1,1,5,0,4,1,17.304,14,0.5,0.23,4,0,5,2,1,2,14,1,2,2.6,4,3,1,2,2,1,3,2,2,2,1,1,2,1,2,11,4,4,5,3,1,4,1,3.7,1.33,4.67,1.49,0,92.9,0
927,0,1,3,8,44,4,4,3,1,1,4,0,3,1,23.621,62,2.33,-0.91,3,0,1,6,2,2,6,1,1.5,3.9,5,2,1,2,2,1,3,2,2,2,2,2,2,2,2,5,2,2,2,1,1,2.75,1,4,1,5,2.33,0,92.5,0
932,0,1,2,8,33,4,3,2,1,1,3,0,3,0,18.155,49,1.8,-0.45,3,0,1,3,1,2,6,1,1.25,3,4,2,1,1,1,1,3,3,2,2,2,2,2,1,2,3,2,4,4,3,1,3,3,3.3,2.33,3.67,3.27,0,92.6,0
945,0,1,2,8,39,5,1,3,1,1,5,0,4,0,21.134,51,2.4,-0.21,4,0,1,4,1,2,4,2,1.75,3.5,4,2,1,1,1,1,4,2,2,2,2,2,2,1,1,6,3,4,4,1,2,4,1.25,3.2,2.33,3,2.08,0,94,0
947,0,1,3,8,42,4,4,3,1,1,5,0,4,0,22.889,62,3,-0.41,4,0,1,3,1,1,6,1,2.5,3.5,4,2,1,1,5,1,3,3,2,2,2,2,2,1,1,10,4,4,5,3,1,4,1.75,3.5,1,2,3,0,92.5,0
949,0,1,5,7,38,1,1,1,1,1,4,0,4,0,20.716,78,2.83,0.24,4,0,1,6,2,3,9,2,1,3.5,4,2,1,2,2,1,2,3,2,2,1,2,2,2,2,10,3,5,5,2,1,4,2.75,4,1.67,3.33,3.33,0,92.5,0
956,0,1,5,8,38,1,3,3,1,1,4,1,3,1,20.97,60,3.59,-0.94,2.75,0,1,9,2,3,12,1,2,2.6,5,2,1,1,1,1,6,2,2,2,2,2,2,2,2,6,2,4,5,2,4,2.75,1.25,2.5,2.67,3.67,2.58,0,92.1,0
962,0,1,3,8,37,4,2,3,1,1,4,0,4,0,20.383,62,2.9,-1.12,4,0,1,4,2,1,6,2,1,4,4,2,1,1,3,1,4,3,2,2,2,2,2,2,1,6,4,4,5,2,1,4,1.5,4,3,4.33,2.7,0,94.2,0
965,0,1,2,8,39,4,4,2,1,1,3,0,4,0,21.195,57,2.5,-1.09,3,0,3,3,2,3,3,1,3,3.8,2,1,1,2,1,3,3,4,2,1,1,2,2,2,2,6,2,2,4,3,1,4,2.5,3.7,1.33,1.33,2.22,0,88.5,0
968,0,1,3,8,53,4,4,2,1,1,3,1,4,1,27.913,71,1.67,-0.47,4,0,1,2,1,1,9,2,1,4,5,2,1,2,2,1,2,1,2,2,2,2,2,1,1,9,3,5,5,2,1,3.75,1.5,3,3,4,1.67,0,90.2,0
970,0,1,4,8,42,3,2,3,1,1,4,1,4,0,22.839,78,3,-0.64,4,0,1,3,2,2,10,2,2,2.9,5,3,1,2,2,1,4,2,2,2,2,2,2,2,1,10,3,5,5,5,1,3.75,1.75,3.4,2.67,4,2.08,0,92.7,0
972,0,1,4,8,35,2,4,2,1,1,4,1,4,1,19.716,51,2.1,-1.37,3,0,1,7,1,1,4,1,1.5,3.4,2,2,1,1,1,1,6,3,2,2,2,2,2,1,1,6,2,5,4,2,1,3,1.25,4,2,3.67,3.1,0,94,0
975,0,1,2,8,29,5,4,3,1,1,4,1,3,0,16.622,60,2.6,-0.57,3,0,1,6,1,2,6,2,4,3.3,4,2,1,3,3,8,4,3,2,2,2,2,2,1,1,4,3,3,3,1,2,3,1,3.4,2.33,4,1.8,0,93.9,0
978,0,1,2,8,38,4,4,3,1,1,5,0,3,0,20.657,56,1.5,-0.71,3,0,7,9,2,2,13,1,2.5,3.2,3,2,1,2,2,10,4,3,2,1,2,2,2,2,2,2,4,4,4,2,1,3,2,3.22,1.33,4.67,1.5,0,92.5,0
983,0,1,4,8,39,3,3,2,1,1,5,0,3.5,1,21.437,72,2.83,-0.59,3.25,0,1,6,1,2,7,2,1.25,3.4,4,1,1,1,3,1,5,2,2,2,2,2,2,1,2,6,4,3,4,1,2,3.5,1.25,3.7,1.67,3,2.83,0,91.3,0
985,0,0,3,8,26,5,5,3,1,1,3,0,4,1,15.659,78,3.09,-1.21,4,0,1,6,2,2,10,2,1.75,3.1,3,4,1,1,1,1,6,2,2,2,2,2,2,2,2,10,3,5,4,4,1,3,1.25,3.7,2,2,2.91,0,94.8,0
997,0,1,3,8,42,1,2,3,1,1,4,1,4,1,22.52,54,1.58,-0.62,3.75,0,3,3,2,2,5,1,1.75,2.1,4,3,2,2,1,7,5,2,2,1,2,2,2,2,2,8,3,3,5,3,2,4,2.25,2.2,2.33,2.67,2.78,0,90.2,0
1004,0,1,7,2,70,5,4,2,1,1,5,0,4,1,36.111,57,3.17,0.71,3.75,0,5,3,1,1,13,2,1,3.2,5,2,1,2,2,5,2,2,2,2,2,2,2,1,1,7,3,4,5,2,1,4,1,3.8,1.67,3.67,3.4,0,91.3,0
1007,0,1,5,7,48,4,3,2,1,1,4,0,3.75,0,25.7335,70,1.08,-0.62,4,0,1,5,2,2,10,1,1.25,4,5,2,1,1,1,1,5,3,2,2,2,2,2,2,1,8,1,5,5,3,2,4,2.5,3.3,1.67,3,1.08,0,90.2,0
1017,1,1,5,8,55,4,3,2,1,1,4,0,4,1,29.168,78,2.67,-0.03,4,0,1,4,2,2,9,2,1.5,3.5,5,2,1,1,1,5,2,4,2,2,2,2,1,2,2,10,2,5,4,3,1,4,2,3.9,2,3.67,2.67,0,92.7,0
1021,1,1,4,8,44,4,5,3,1,1,4,0,4,1,24.146,71,2.17,0.2,4,0,1,3,2,1,9,1,2.25,3.3,5,3,1,2,2,1,3,2,2,2,2,2,2,2,1,10,4,5,5,2,1,4,1.25,4,2.33,5,1.53,0,91.3,0
1022,1,1,5,8,42,1,1,3,1,1,4,0,4,1,22.822,71,2.67,0.04,4,0,5,3,2,1,9,1,1.5,3.9,4,1,1,1,1,5,5,1,2,2,1,2,2,2,1,9,2,5,5,6,1,4,1.75,3.5,1.33,1.67,3.06,0,88.9,0
1026,1,1,3,8,38,4,2,3,1,1,3,1,4,1,20.942,66,2.5,0.1,4,0,1,3,2,2,10,1,2.25,3.3,5,2,1,7,7,1,3,2,2,2,2,1,2,2,2,8,3,5,5,4,1,4,2,3.5,1.33,4,2.5,0,88.9,0
1027,1,1,4,7,62,2,4,3,1,1,4,0,4,1,32.068,70,3.5,-0.6,4,0,3,7,2,3,10,1,2.75,3.8,5,1,1,2,2,3,4,2,2,2,2,2,2,2,2,5,2,5,5,2,1,4,1.25,3.9,2,3,3.5,0,88.9,0
1028,1,1,2,7,38,5,3,3,1,1,5,0,4,1,20.855,78,3.17,-0.31,4,0,6,2,2,3,5,2,1.25,2.7,4,1,1,1,1,1,2,2,2,2,2,2,2,2,2,5,3,5,5,6,1,4,1,3.5,1.67,4.67,2.36,0,88.9,0
1033,1,1,2,8,45,5,5,3,1,1,4,1,3,1,24.142,64,1.83,-0.9,4,0,3,4,2,1,8,2,1,3.3,2,2,1,1,1,3,5,1,1,1,2,2,2,2,1,6,1,5,5,2,1,4,1,3.7,1.67,4,1.83,0,90.2,0
1037,1,1,5,8,49,3,4,3,1,1,3,0,4,0,26.385,78,2.17,-0.57,4,0,1,3,1,2,7,1,1.25,2.56,4,1,1,1,1,1,3,5,2,2,2,2,2,1,2,10,3,4,4,1,2,4,1,2.6,1.67,2.67,1.76,0,88.5,0
1040,1,1,7,8,57,3,3,3,1,1,5,0,4,0,30.435,60,2.5,0.36,4,0,1,3,2,1,6,2,1.5,4,5,3,1,2,2,1,3,2,2,2,2,2,2,2,1,8,2,5,5,4,1,4,1,4,1.67,3.67,2.5,0,88.9,0
1041,1,1,3,8,50,4,3,3,1,1,3,1,4,1,26.538,62,2.4,-0.35,4,0,1,3,2,1,8,1,2,3.2,4,2,1,1,3,6,2,4,1,2,2,2,2,2,1,8,4,3,4,2,3,4,1.75,2.6,2.33,3.33,1.25,0,93.4,0
1044,1,1,5,8,53,3,2,2,1,1,3,0,4,0,27.996,57,3.3,1.25,3.25,0,1,5,1,3,12,2,1.5,3.9,4,2,1,9,9,1,5,2,2,2,2,2,2,1,2,10,4,5,5,2,1,3.5,2,3.7,2.67,4.67,3.3,0,92.5,0
1060,1,1,2,8,67,4,5,3,1,1,4,0,4,1,34.307,71,2.86,-0.35,4,0,1,7,2,2,9,2,1.75,3.8,5,2,1,2,3,1,4,3,2,2,1,2,2,2,2,6,2,4,4,2,1,4,1.5,4,2,4,2.78,0,91.3,0
1074,0,1,3,8,45,4,3,3,1,1,5,1,4,1,24.272,56,1.5,-0.47,3.25,0,1,6,2,1,6,2,1.75,3.6,4,2,3,1,1,1,8,2,2,1,2,2,2,2,1,8,4,4,5,2,1,3,2.5,3.2,1.67,4,1.17,0,91.6,0
1075,0,1,4,8,44,4,4,3,1,1,5,1,4,1,24.099,71,2.83,-0.34,3,0,1,4,2,3,9,1,1.25,2.8,5,1,1,2,2,1,4,3,2,2,2,2,2,2,2,11,2,5,5,3,1,4,1.75,3.8,1.33,5,2.99,0,91.3,0
1079,1,1,3,8,33,4,4,3,1,1,4,0,4,0,18.764,78,1.92,0.19,4,0,5,8,1,1,10,1,1,3.4,4,2,1,1,1,5,3,2,2,1,2,2,2,1,1,5,3,4,4,1,4,4,1.5,3.8,1.33,3.67,1.56,0,92.5,0
1081,0,1,5,7,58,3,1,3,1,1,5,1,4,1,30.291,52,3.33,0.56,4,0,1,5,1,2,6,1,1,3.1,5,2,1,1,3,1,5,3,2,2,2,2,2,1,2,7,3,4,5,2,1,4,1.5,3,2.33,3.33,1.46,0,94.3,0
1084,0,0,3,6,38,4,4,3,1,1,5,1,4,1,20.944,60,2.58,-0.21,3,0,1,4,2,2,6,1,1.5,3.8,5,1,3,4,4,1,4,3,2,2,1,2,2,2,2,10,3,5,5,3,1,4,1.75,3.7,1.33,4.33,2.58,0,94.3,0
1085,1,1,4,7,50,4,2,3,1,1,3,0,4,0,26.47,30,2.83,-1.1,4,0,1,4,2,2,14,2,3.75,3.8,5,3,1,9,9,2,4,2,2,2,2,1,2,2,2,8,4,4,4,1,1,4,1,3.1,1.67,1.67,2.92,0,91.3,0
1086,0,1,3,7,49,3,4,3,1,1,3,0,3.75,1,25.8615,48,2.5,-1.37,4,0,1,4,2,1,2,1,1.75,3.6,3,3,1,1,1,1,4,3,2,2,1,2,2,2,2,5,4,3,5,2,4,4,1.25,3.6,1.67,4,2.71,0,93.2,0
1097,0,1,4,8,46,3,3,3,1,1,4,0,4,0,24.716,60,2.1,-0.37,3.5,0,1,5,1,3,13,2,1.5,3,4,2,2,3,3,1,7,1,2,2,2,2,2,1,1,7,2,5,5,3,1,3,1.5,4,2,4.33,2.7,0,94.7,0
1098,0,1,3,8,39,4,2,3,1,1,4,0,4,1,21.348,60,2.1,0.81,4,0,1,4,1,1,8,1,1.25,3.5,4,2,2,1,1,1,5,3,2,2,2,1,2,1,1,5,2,5,4,1,2,4,2.5,3.2,2,2.33,2.45,0,94.8,0
1101,0,1,5,7,50,4,4,3,1,1,4,0,4,1,26.885,78,3.5,0.6,4,0,1,4,2,1,5,1,1.5,2.8,5,3,1,9,3,1,4,2,2,2,2,2,2,2,1,6,4,4,5,2,1,4,1.5,3.9,2,3.67,3.91,0,94.8,0
1102,0,1,5,8,53,4,3,3,1,1,3,0,4,0,28.176,65,2.6,-0.03,4,0,1,3,1,2,7,1,1.75,3.3,5,3,1,9,3,1,4,3,2,2,2,2,2,1,1,5,3,4,5,4,2,4,1,3.7,3,4.33,2.7,0,96,0
1103,0,1,6,8,34,3,2,3,1,1,4,0,4,0,19.516,44,3,0.1,3.75,0,1,4,1,1,6,1,1,3.8,4,1,1,9,3,1,5,4,2,2,1,2,2,1,1,8,2,5,5,6,1,4,2.5,3.5,1.33,3,3.25,0,96,0
1112,0,1,3,8,50,5,5,3,1,1,5,1,4,0,26.78,40,2.4,-0.68,3,0,1,5,1,4,14,2,1,2.5,2,3,1,1,3,1,6,1,2,2,2,2,2,1,1,10,3,3,4,3,1,4,1.5,3.4,2,4.67,0.4,1,94.8,0
1114,0,1,3,8,39,5,5,3,1,1,5,0,4,1,21.731,54,2.3,0.32,4,0,1,5,1,2,5,1,1,3.5,4,3,1,3,3,1,5,3,2,2,1,2,2,1,1,5,4,4,5,2,2,4,1.25,3.8,2,4,1.92,0,94.7,0
1120,0,1,5,8,52,3,2,3,1,1,4,0,3.75,1,27.5775,52,3.92,-1.41,3,0,1,5,2,4,8,2,1.75,3.3,4,3,1,1,1,1,5,2,2,2,2,2,2,2,2,8,3,3,4,3,1,3.25,2,3,3,2,3.18,0,93.6,0
1134,0,1,1,8,58,4,4,3,1,1,4,1,4,0,29.849,66,2.92,-0.13,4,0,1,3,2,1,12,1,2.75,3.3,5,1,1,2,6,1,3,4,2,2,2,2,2,2,1,8,2,4,5,1,4,4,2.5,4,1.33,2.33,0.97,0,90.2,0
1135,0,1,6,8,56,5,4,2,1,1,5,0,4,0,29.944,71,3.5,-1.39,4,0,1,5,2,2,9,1,2.25,4,5,3,1,1,3,1,5,4,2,2,2,2,2,2,2,7,2,5,2,2,2,4,2,3.3,2.67,4,3.92,0,92.1,0
1137,0,1,3,8,38,3,3,3,1,1,5,1,4,1,20.975,78,3.2,-1.35,3,0,3,4,1,2,10,1,2.5,2,4,2,2,2,2,1,4,3,2,2,2,2,2,1,2,7,4,4,5,4,1,4,1,4,1.67,4.33,2.92,0,92.6,0
1138,0,1,3,8,34,4,4,2,1,1,4,1,4,1,19.227,50,3.9,-1.65,4,0,1,5,2,2,8,1,1.5,2.8,2,5,1,2,2,1,4,3,2,2,2,2,2,2,2,8,3,4,5,6,1,4,2.25,3.2,1.67,4.67,3.17,0,93.3,0
1142,0,1,5,8,53,5,4,2,1,1,5,0,4,0,28.369,78,1.17,-0.15,4,0,1,3,2,2,12,2,1,4,5,2,1,2,2,1,3,1,2,2,2,2,2,2,2,5,4,5,5,1,1,4,1,4,2.33,5,1.17,0,92.5,0
1143,1,1,4,8,49,4,4,2,1,1,5,0,4,1,26.339,52,2.75,0.7,4,0,1,3,2,2,5,2,1.25,3.5,5,1,2,1,1,1,3,3,2,2,2,2,2,2,2,5,4,5,5,2,1,4,1.75,3.8,2,3.67,2.75,0,92.5,0
1154,1,1,7,8,66,4,3,2,1,1,4,0,4,1,34.613,78,4.08,0.55,3.75,0,1,6,2,3,10,1,2.5,2.6,5,4,1,1,3,1,7,4,2,2,1,2,2,2,2,5,2,5,5,6,1,4,2.5,3.6,2,3.67,4.44,0,91.3,0
1156,1,1,5,8,67,4,4,3,1,1,5,0,4,0,34.801,62,3.29,-0.24,4,0,1,3,2,2,8,1,2.5,4,5,2,4,1,1,1,8,2,2,2,2,2,2,2,2,8,3,5,5,3,1,4,1.75,4,1.67,4.33,2.83,0,90.2,0
1162,1,1,5,7,44,4,1,3,1,1,2,0,3,0,23.593,60,3.1,1.74,4,0,1,6,1,2,6,1,1,2.22,3,2,1,1,1,1,6,2,2,2,1,1,2,1,2,8,2,5,2,1,2,3,2.5,2.5,3,2.67,3.08,0,93.9,0
1181,0,1,6,8,54,4,4,2,1,1,3,0,4,0,28.872,71,4.17,0.25,4,0,3,4,1,1,9,2,1.25,4,5,4,1,2,2,3,4,4,2,2,1,2,2,1,1,9,3,5,5,6,1,4,1.5,4,1,4,4.11,0,91.3,0
1192,0,1,6,7,49,4,2,2,1,1,4,1,4,0,26.399,60,4,0.48,4,0,1,4,2,1,6,1,1.5,3.8,5,4,1,9,1,1,4,3,2,2,2,2,2,2,1,6,4,5,5,1,1,4,1.75,4,1,3,3.63,0,96,0
1195,0,1,3,8,39,4,1,3,1,0,5,0,3,0,21.001,51,3.4,-0.41,3,0,1,4,1,4,4,1,1.5,3.4,4,2,1,3,3,5,4,3,1,2,2,1,2,1,2,5,1,5,5,4,1,3,2.5,2.2,1.33,4.67,2.8,0,96,0
1197,0,1,3,8,50,5,3,3,1,1,5,1,4,1,26.651,54,2.7,-0.22,3.5,0,1,7,2,2,5,1,2.25,2.8,2,5,1,2,3,1,7,1,2,2,2,1,2,2,1,5,4,5,5,2,1,4,1.5,3.3,1.67,2,2.3,0,96,0
1198,0,1,3,7,56,4,4,3,1,1,5,1,4,0,29.278,65,3.8,1.62,4,0,1,4,2,2,7,1,1.25,3.6,5,6,1,1,1,1,5,1,2,2,1,2,2,2,1,10,2,4,4,6,1,4,1.25,3.7,1,3,3.18,0,96,0
1199,1,1,5,7,50,5,5,3,1,1,4,0,4,0,27.051,78,3.2,0.35,4,0,1,5,2,1,10,1,1.25,3.7,5,4,1,1,1,1,5,2,2,2,2,2,2,2,1,10,4,5,5,4,1,4,1.25,3.7,1.33,4.67,2.63,0,94.7,0
1202,0,1,6,7,36,4,1,1,1,1,3,0,3.75,0,20.1635,40,2.4,0.04,3.25,0,1,3,1,3,9,2,1.75,3.5,4,1,1,9,3,1,3,2,2,2,1,2,2,1,1,6,4,4,4,3,1,3.5,1.25,2.8,2.33,4.33,2.56,0,95.5,0
1203,0,1,3,8,34,4,4,3,1,1,4,0,4,0,19.182,60,3.1,0.01,4,0,1,4,1,3,6,1,1.25,3.9,5,1,2,1,1,1,4,3,2,2,2,2,2,1,1,6,4,5,5,3,1,4,1,4,1.67,4.33,3.08,0,94.7,0
1204,0,1,3,8,50,4,4,2,1,1,3,0,4,0,26.442,67,2.8,0.35,3.75,0,1,7,2,3,10,2,1.5,2.7,4,3,1,9,3,1,4,2,2,2,1,2,2,2,1,5,4,4,5,4,2,3.75,1.75,3.3,2.33,3.67,3.17,0,96,0
1207,0,1,5,8,42,4,4,3,1,1,5,0,4,0,23.285,56,2.92,1.07,4,0,1,5,2,1,5,2,1.75,2.9,2,2,1,9,9,1,4,4,2,2,2,2,2,2,1,5,4,4,5,4,1,4,1.25,3.3,1.33,3.67,2.69,0,95.5,0
1210,1,1,3,7,22,3,2,2,1,1,3,0,4,0,13.287,70,3.6,0.56,4,0,1,3,1,3,4,1,1.75,2.6,4,2,1,9,3,1,2,4,2,2,2,2,2,1,1,5,3,4,5,3,1,4,1.25,3,1.33,3.33,2.83,0,94.8,0
1212,0,1,3,7,48,4,3,3,1,1,4,0,4,0,25.436,54,3.8,0.73,4,0,1,3,2,1,5,2,1,3.5,5,5,1,1,1,1,5,1,2,2,1,2,2,2,1,4,3,4,5,3,1,4,2,3.1,2,3.67,3.33,0,96,0
1215,0,1,6,8,68,5,4,3,1,1,4,0,4,0,35.466,78,4,0.5,4,0,1,6,1,1,10,1,1,4,5,2,1,9,4,1,4,3,2,2,2,2,2,1,1,10,3,5,5,4,1,4,1.25,3.9,1.33,3,4.08,0,95.5,0
1220,0,1,5,8,46,4,4,3,1,1,3,0,4,0,25.051,78,3.2,0.5,4,0,1,5,1,2,10,1,1,3.67,4,2,1,9,3,1,5,3,2,2,2,1,2,1,1,6,4,5,5,3,1,4,1.25,4,1.67,3,2.79,0,94.7,0
1221,0,0,2,7,31,4,3,2,1,1,4,0,3.75,0,17.3015,60,3,0.61,4,0,1,9,2,2,6,2,1.5,3.7,4,5,1,1,1,1,9,3,2,2,2,2,1,2,1,6,2,5,5,5,1,4,1.75,2.9,1.67,3.33,2.6,0,96,0
1222,0,0,5,7,16,4,2,3,1,1,3,0,4,0,10.986,78,3,0.43,4,0,1,5,2,1,4,1,2.75,2.6,4,4,1,9,3,1,5,4,2,2,2,2,2,2,1,5,1,5,5,4,1,4,2.75,2.8,1,3.67,3.67,0,96,0
1231,0,1,6,8,56,5,4,2,1,1,5,0,4,0,29.944,65,4.67,0.86,4,0,1,3,2,1,12,1,1.5,2.9,4,3,1,1,1,1,3,2,2,2,2,2,2,2,1,11,3,5,5,2,1,4,1.75,2.7,1,3.33,4.67,0,94.3,0
1241,0,1,3,7,52,1,4,3,1,1,4,1,3.75,1,27.1525,62,3.9,-1.38,3,0,1,6,2,4,8,1,1.25,3.5,5,3,1,3,3,1,5,3,2,2,1,2,2,2,2,4,2,5,5,5,1,3.25,1.25,3.6,2,4.33,3.75,0,92.1,0
1243,0,1,6,8,53,4,4,1,1,1,5,0,4,0,28.434,66,3.4,1.13,4,0,1,4,1,3,7,1,1,3.5,5,2,1,4,4,1,4,2,2,2,2,2,2,1,2,7,4,5,5,4,1,4,1,4,2.67,5,3.64,0,94.7,0
1244,0,1,5,7,40,5,5,3,1,1,3,0,4,0,22.385,40,1.7,-1.27,4,0,1,3,2,2,6,1,2.75,3.6,3,5,2,1,1,1,4,2,2,2,2,2,2,2,1,14,4,3,3,1,2,4,2,3.7,2,3,2.75,0,94.8,0
1247,0,0,2,8,42,3,2,3,1,1,4,0,3.5,0,22.262,62,2.7,-1.37,4,0,2,6,2,1,10,1,2,3.1,2,1,1,1,3,2,5,2,2,2,1,2,2,2,1,9,4,4,4,4,1,4,1,3.8,2,2.67,1.77,0,92.1,0
1248,0,1,3,8,52,3,2,3,1,1,3,1,4,0,27.196,56,2.2,-0.28,4,0,1,3,2,1,9,2,1.5,3.4,4,2,1,1,3,1,3,4,2,2,2,1,2,2,1,5,4,3,5,2,1,4,1.25,3.2,1.33,3,1.88,0,94.8,0
1250,0,1,6,7,50,5,4,2,1,1,5,0,4,0,27.106,66,3.5,-0.37,4,0,3,4,1,1,7,1,1.5,3.1,4,3,1,1,5,1,4,2,2,2,2,2,2,1,1,10,2,5,4,4,1,3.75,1.5,3.5,1.33,4,3.73,0,94.8,0
1252,0,1,3,8,34,4,4,3,1,1,3,1,4,0,19.194,28,1.2,-0.84,3.25,0,1,2,2,2,12,1,2,3.4,4,2,1,1,1,1,9,1,2,2,2,2,2,2,2,8,2,3,5,3,2,3.5,2,3.3,2,4,2.38,0,94,0
1255,0,1,6,8,56,4,3,3,1,1,5,0,4,0,29.821,57,1.7,0.35,3.75,0,1,3,1,2,13,1,1,3.8,3,2,4,1,1,1,3,2,2,2,2,2,2,1,2,14,2,4,5,2,2,3.75,1,3.3,2.67,4,1.13,0,94.7,0
1258,0,1,3,8,33,4,4,3,1,1,5,0,3,0,18.56,55,3.3,-1.28,2.5,0,1,8,1,3,7,1,1.75,3.1,4,3,1,1,1,1,9,2,2,2,1,2,2,1,2,4,4,4,4,2,1,2.5,1.5,3.3,2,5,3.29,0,92.1,0
1259,0,1,2,8,49,3,4,3,1,1,4,0,4,0,25.785,72,1.2,-1.65,3,0,5,3,1,1,1,1,2.5,2.7,3,1,3,1,1,5,3,4,2,2,2,2,2,1,1,4,2,3,3,1,1,2.5,1.75,2.8,1.33,3.67,1.31,0,92.1,0
1262,0,1,5,7,34,3,2,3,1,1,3,0,4,0,19.199,57,2.6,-0.82,4,0,1,6,1,2,13,1,2,3.2,2,2,1,1,1,1,5,2,2,2,2,1,2,1,2,14,4,4,2,3,1,4,3,3,1.33,4.33,2.17,0,93.3,0
1264,0,1,6,8,50,5,5,1,1,1,5,0,4,0,27.229,48,2.1,-0.61,4,0,3,3,1,3,13,1,1.75,3.7,5,2,1,1,1,3,4,1,2,1,2,2,2,1,2,6,2,5,5,4,1,4,1,4,1.67,5,2.5,0,94,0
1265,0,1,3,8,26,4,4,3,1,1,4,0,3,0,15.312,78,3.6,-0.29,3,0,1,4,1,4,10,2,1.25,3.7,5,2,1,1,1,1,4,2,2,2,1,2,2,1,2,1,4,3,4,2,2,2.75,1.25,3.4,1.67,2,3.25,0,92.1,0
1267,0,1,2,7,50,5,5,2,1,1,5,0,1,0,25.808,28,3.36,-0.8,3.25,0,1,5,2,2,14,1,1.75,2.8,5,1,4,1,3,1,2,3,2,2,2,2,2,2,2,4,4,4,4,4,1,4,1,4,2.67,5,3.3,0,93.6,0
1270,0,1,2,8,44,5,4,3,1,1,4,0,4,0,23.658,62,3.1,-1.24,3.25,0,5,8,2,1,8,1,3.25,2,2,2,4,1,3,5,6,3,1,2,2,2,2,2,1,8,4,5,5,2,2,4,1.5,3,1.33,4.33,3.85,0,92.6,0
1284,0,0,4,8,34,4,2,3,1,1,5,0,4,0,19.204,62,2.3,-0.96,4,0,1,5,2,1,8,2,2.25,4,3,3,1,1,3,5,4,3,1,2,2,2,2,2,1,8,3,5,5,2,1,4,2,4,2.67,4,2.71,0,93.2,0
1288,0,1,5,8,37,3,4,3,1,1,3,0,1,0,20.242,78,2.9,-0.97,3,0,5,3,2,1,10,1,1.25,3.4,3,2,1,1,1,5,4,2,2,2,2,2,2,2,1,10,4,2,3,2,1,3,1.5,3.7,1,4,3.15,0,92.6,0
1290,0,1,1,8,42,4,4,2,0,1,5,1,4,1,22.079,48,0.6,-1.39,3,0,1,4,1,1,13,1,1.25,3.5,4,1,3,1,1,1,4,2,2,2,2,2,2,1,1,10,3,4,4,3,1,4,1,3.6,2.67,3,3.5,0,92.1,0
1295,0,1,5,8,31,4,2,3,1,1,3,0,4,0,17.99,66,1.8,-0.97,4,0,5,5,2,1,9,1,1.5,3.5,2,2,1,1,1,5,3,1,2,2,2,2,2,2,1,10,4,5,5,2,1,4,1,4,1,5,1.83,0,94,0
1301,0,1,6,8,67,4,4,2,1,1,4,0,4,0,34.874,62,3.33,0.22,3,0,1,8,2,1,8,1,1.5,2.9,4,2,1,1,3,1,6,4,2,2,1,2,2,2,2,10,3,4,5,3,1,4,1.25,3.9,1.33,4.33,4,0,94.8,0
1308,0,1,6,8,42,1,2,3,1,1,5,0,4,0,23.055,60,4,0.75,4,0,1,4,1,3,6,1,1.75,3.9,4,2,1,9,3,1,4,3,2,2,2,2,2,1,1,6,3,4,4,2,2,4,1.5,4,1.33,4.67,4.13,0,94.7,0
1314,0,1,2,8,42,3,3,3,1,1,5,1,4,0,22.566,60,2.5,-0.75,4,0,1,3,2,2,12,1,1.5,3.8,4,1,1,2,2,1,4,4,2,2,2,2,2,2,2,6,3,5,4,1,2,4,1.5,3.8,1.33,3,2.5,0,88.5,0
1328,0,1,2,8,34,5,4,3,1,1,3,0,3,0,18.835,51,2.8,-0.38,3.75,0,1,8,1,4,4,1,1.25,3.4,4,2,1,3,3,1,6,3,2,2,2,2,2,1,2,4,4,4,5,3,1,3,1,3.9,1.67,4.33,2.7,0,95.5,0
1340,0,1,2,8,42,4,3,1,1,1,5,0,4,0,22.505,57,3.33,0.3,4,0,3,3,2,1,13,1,2.5,3.4,4,2,1,2,2,3,5,3,2,2,2,2,2,2,1,11,3,4,1,4,3,4,3.75,2.6,1,1.33,3.33,0,94.3,0
1341,0,1,3,8,37,4,4,1,1,1,4,1,4,1,20.555,78,2.9,0.3,4,0,1,4,2,2,10,1,1.5,3.5,5,4,1,9,3,1,4,1,2,2,1,2,2,2,1,5,3,5,5,3,2,4,3.25,3.8,1.67,5,2.3,0,95.5,0
1344,0,1,3,8,33,4,3,1,1,1,5,0,3.5,0,18.473,60,2.43,0.18,4,0,1,7,1,2,6,1,2,2.5,3,4,1,1,1,1,3,4,2,2,1,2,2,1,1,6,2,4,5,2,2,4,2.5,3.7,2.33,2.33,2.42,0,96,0
1350,1,1,2,8,55,5,4,2,1,1,4,0,4,0,28.699,53,1.5,-0.79,4,0,4,2,2,1,2,2,1.75,3.5,4,3,2,1,1,4,2,2,2,2,2,2,1,2,1,8,2,5,5,3,2,4,2,3.2,1.67,3.33,1.5,0,90.2,0
1353,0,1,2,7,34,4,4,3,1,1,4,0,4,0,18.9,78,2.7,-0.62,4,0,1,3,1,1,12,2,1.75,2.6,4,2,1,9,3,1,4,3,2,2,1,2,2,1,1,7,4,5,5,6,2,4,1.25,3.6,2.33,4.67,1.45,0,95.5,0
1356,0,1,6,8,70,5,4,2,1,1,5,0,4,0,36.37,72,3,-0.09,4,0,1,5,1,3,12,2,1,3.8,4,2,1,2,2,1,5,2,2,2,2,2,2,1,2,7,4,5,5,2,1,4,1.25,3.6,2.33,4,3.06,0,91.3,0
1360,1,1,4,8,38,3,4,3,1,1,4,0,4,1,21.22,62,2.9,-0.25,4,0,1,6,2,2,8,2,1,3.8,5,3,1,1,1,1,6,1,2,2,2,2,2,2,1,10,3,5,5,3,1,4,1.5,3.6,1.33,5,3.15,0,92.6,0
1366,0,0,7,7,39,4,4,2,1,1,5,0,4,0,22.136,78,3.5,0.21,4,0,5,2,2,1,10,1,1.75,2.8,5,3,1,2,2,5,1,3,2,2,2,2,2,2,1,10,4,5,5,2,1,4,1.75,3.6,1,3,3.5,0,92.5,0
1377,0,1,7,8,49,3,1,3,1,1,5,0,4,0,26.546,78,4.5,0.39,4,0,1,5,1,1,6,1,3.75,1.6,5,6,1,1,3,1,4,4,2,2,2,2,2,1,1,6,4,4,4,6,1,4,3.5,2.8,1.67,2,4.5,0,92.5,0
1381,0,0,2,8,42,4,3,3,1,1,5,0,4,0,22.568,54,2.75,0.72,4,0,1,7,2,3,10,1,1.75,4,4,3,1,2,2,1,6,2,2,2,1,2,2,2,2,5,3,5,5,3,1,3.5,1,3.4,3,3.67,2.22,0,92.5,0
1382,0,1,5,8,52,5,4,2,1,1,4,0,4,1,27.922,66,2.67,0.47,4,0,1,6,2,3,12,2,1.75,3.7,4,1,3,1,1,1,4,1,2,2,2,2,2,2,2,11,4,4,5,2,3,4,2,3.8,2,5,2.26,0,91.3,0
1383,0,1,4,7,48,4,3,2,1,1,4,0,4,0,25.585,54,2.83,0.72,4,0,1,4,2,1,6,2,1.25,4,5,4,1,2,2,1,4,3,2,2,2,2,2,2,1,5,4,5,5,4,1,4,1,4,2.33,4,1.88,0,91.3,0
1399,0,1,5,7,22,5,3,3,1,1,5,0,4,0,14.017,78,2.75,-0.31,4,0,1,2,2,1,12,2,1,3.7,5,2,1,1,3,1,2,1,2,2,2,1,2,2,1,11,4,5,5,2,1,4,1,4,1.33,4.67,2.15,0,92.5,0
1401,0,1,6,8,55,1,1,1,1,1,4,0,4,0,28.801,78,3.33,0.32,4,0,1,4,2,1,10,2,1,3.7,5,1,2,2,2,1,4,2,2,2,2,2,2,2,1,10,2,5,4,6,1,4,1.75,3.9,1.33,4.33,3.26,0,92.5,0
1402,0,1,6,8,51,5,5,2,1,1,5,0,4,0,27.737,56,2.33,0.24,4,0,1,4,1,1,11,1,1,4,4,1,1,1,1,1,4,2,2,2,2,2,2,1,1,7,3,5,5,2,1,4,1.25,4,2,4.67,2.64,0,91,0
1404,0,1,6,8,56,4,4,1,1,1,4,0,4,0,29.776,78,3.08,1.75,4,0,1,2,1,2,10,2,1,4,5,6,1,2,2,1,3,3,2,2,1,2,2,1,2,10,4,5,5,6,1,4,1,3.8,1.67,3.67,3.89,0,91.3,0
1407,0,1,2,8,35,5,4,3,1,1,5,0,4,1,19.609,48,1.58,0.81,4,0,3,4,1,2,8,2,1.25,3.4,3,2,1,1,3,3,5,2,2,2,2,2,2,1,2,4,4,2,2,1,2,4,1,4,1.67,5,1.47,0,88.9,0
1408,0,1,5,7,50,5,3,3,1,1,4,0,4,0,26.834,78,2.42,0.93,4,0,1,5,2,1,10,2,1.5,3.1,4,6,1,2,2,1,4,3,2,2,2,2,2,2,1,11,1,5,4,6,1,4,1,3.6,2.67,5,2.42,0,92.5,0
1409,0,1,2,8,34,2,1,1,0,1,4,0,3,0,17.797,51,2.08,-1.42,3,0,1,8,1,3,4,2,1,2.3,3,1,1,7,3,3,5,3,2,2,2,1,2,1,2,8,2,4,5,2,1,3,1.5,1.7,3,2.33,2.08,0,90.2,0
1416,0,1,4,7,50,4,2,3,1,1,3,0,4,0,26.429,65,2.3,0.13,4,0,1,5,1,1,7,2,1,3.6,4,5,1,1,3,1,6,2,2,2,2,2,2,1,1,7,3,4,5,3,1,4,1.5,3.5,2,3,1.86,0,92.6,0
1417,0,1,2,8,48,4,5,2,1,1,3,0,3.25,0,25.2655,45,1.33,-0.3,2.5,0,1,5,1,2,14,2,1.5,2.9,5,1,1,1,1,1,3,3,2,2,2,2,2,1,2,6,3,3,1,2,1,3,1,2.8,2,3.33,1.43,0,92.1,0
1418,0,1,5,8,43,4,4,2,1,1,5,0,4,0,23.695,78,2.4,-0.91,1,0,1,3,1,4,10,1,1.5,2.6,5,2,1,4,3,1,3,1,2,2,1,2,2,1,2,10,4,4,5,3,1,2.75,1,3.4,1.67,4.67,2.25,0,93,0
1422,0,1,7,8,60,4,4,3,1,1,4,0,4,0,31.908,57,3.7,0.06,3.5,0,1,4,2,1,8,2,1,3.5,5,4,1,3,3,1,4,3,2,2,1,2,2,2,1,8,3,4,4,2,1,4,1,4,1.33,4,4,0,92.1,0
1425,0,1,2,8,49,4,2,3,1,1,5,0,4,0,25.728,51,2.6,-0.82,4,0,1,4,2,1,4,1,1,2.6,4,1,2,9,1,1,4,2,2,2,2,2,2,2,1,8,2,4,5,2,2,4,1.25,2.4,2,3.67,1.73,0,92.6,0
1427,0,1,5,7,34,3,2,2,1,1,5,0,4,0,19.22,72,3.3,0.7,2.75,0,1,4,2,4,12,1,2,2.1,3,3,1,1,1,1,4,2,2,2,2,2,2,2,2,8,2,5,5,2,1,3.25,2,2.7,1.33,4.33,3.33,0,94.7,0
1428,0,1,4,7,42,4,2,3,1,0,4,0,3.75,0,22.6935,45,3.17,0.33,3.75,0,2,3,2,3,13,1,1.25,3.2,4,2,1,1,1,1,4,3,2,2,2,2,2,2,2,8,2,5,5,1,2,4,1.25,3.1,1.33,3.67,3.17,0,94.3,0
1439,0,1,7,7,78,4,3,3,1,1,4,0,4,0,39.998,78,4.33,0.46,4,0,1,3,1,2,10,2,1.25,3.8,5,4,1,2,2,1,3,2,2,2,2,2,2,1,1,10,3,5,5,5,1,4,1.75,3.4,1,4.67,4.41,0,91.3,0
1446,0,1,6,8,44,5,4,3,1,1,5,0,4,1,24.532,65,4.33,-0.03,4,0,1,4,1,2,12,2,1,4,5,5,1,2,2,1,4,3,2,2,2,2,2,1,1,7,4,5,5,6,1,4,1,4,1.33,5,4.72,0,91.3,0
1463,0,1,4,8,56,3,3,1,1,1,4,0,4,0,29.208,40,1.82,-0.45,4,0,1,4,2,2,11,2,2.75,1.8,5,1,3,3,3,1,3,4,2,2,2,2,2,2,2,8,4,3,5,1,3,4,3.25,1.2,1,3.67,1.82,0,92.5,0
1466,0,1,2,8,29,3,2,3,1,0,3,0,4,0,16.345,40,0.67,-0.87,4,0,1,4,1,2,4,2,1,3.7,3,1,1,1,3,1,4,1,2,2,2,2,2,1,2,3,4,4,5,2,1,4,1.75,3.4,2.67,5,1.94,0,88.5,0
1470,0,1,6,8,42,2,3,3,1,1,5,0,4,0,23.227,60,4.17,0.67,4,0,1,3,2,1,6,1,1,3.9,5,2,2,1,3,1,3,3,2,2,1,2,2,2,1,6,4,5,5,2,1,4,1.25,3.9,2.33,5,4.17,0,92.9,0
1472,0,1,2,3,49,4,4,3,1,1,4,1,4,1,25.543,71,3.3,-0.32,4,0,1,7,2,1,9,2,1.5,3.9,3,2,1,1,3,1,8,3,2,2,1,2,2,2,1,8,2,2,4,2,1,4,3.25,3.5,1.67,4.67,3.58,0,93,0
1481,0,1,6,8,50,5,5,3,1,1,5,0,4,0,27.327,56,2.8,-0.36,3,0,1,6,1,2,7,1,1.5,3.2,5,1,2,1,3,1,3,2,2,2,2,2,2,1,1,7,4,5,5,2,1,4,1.25,3.7,2.33,4.67,4,0,93.6,0
1505,1,1,6,8,42,3,1,3,1,1,4,0,4,1,23.188,78,3.33,1.08,4,0,1,4,1,1,10,1,1.25,3.6,5,2,1,2,2,1,2,2,2,2,2,2,2,1,1,10,2,5,5,4,1,4,1.5,3.8,1,4.67,3.21,0,94.3,0
1517,1,1,5,7,51,5,3,3,1,1,5,0,4,0,27.369,78,1.83,1.3,4,0,1,3,1,1,10,2,1.25,4,5,2,1,2,2,1,3,3,2,2,2,2,2,1,1,7,3,4,5,1,2,4,1.5,3.8,2,5,2.88,0,92.8,0
1526,1,1,5,8,53,1,4,3,1,1,5,0,4,0,28.123,78,2.31,0.5,4,0,1,9,1,2,10,1,1.25,3,4,2,1,2,2,1,9,1,2,2,2,2,2,1,2,10,3,4,5,2,1,4,1.25,4,2,5,2.31,0,92.5,0
1529,1,1,1,8,34,5,5,3,1,1,5,0,4,1,19.081,78,0.67,0.18,4,0,1,4,1,2,10,2,1,3.1,5,2,1,1,1,1,4,1,2,2,2,2,2,1,1,10,4,4,5,2,1,4,1,4,3,5,0.35,0,88.5,0
1531,1,1,6,8,42,3,1,3,1,1,4,0,4,1,23.188,71,3.67,0.29,4,0,1,3,2,2,9,2,2,3.3,5,2,1,2,2,1,3,2,1,2,1,2,2,2,1,9,2,5,5,3,1,4,2,3,1,1,2.71,1,91.3,0
1537,1,1,7,8,56,4,4,3,1,1,4,0,4,0,30.113,66,3.33,-0.03,4,0,1,3,2,3,10,1,1.75,3,5,2,1,2,3,1,3,2,2,2,2,2,2,2,2,5,2,5,5,5,1,4,1,4,1.33,5,2.92,0,88.9,0
1539,1,1,5,7,56,5,3,3,1,1,3,0,4,0,29.594,66,2.83,0.2,4,0,1,3,2,2,10,2,1.25,3.2,4,2,2,2,2,1,2,4,2,2,2,1,2,2,2,11,4,5,5,1,2,4,2.5,3.6,1.33,3.67,2.83,0,90.2,0
1542,1,1,3,7,39,3,2,3,1,1,5,0,4,0,21.209,56,2.5,0.77,4,0,1,5,2,1,13,1,1.75,3.3,5,2,1,2,2,1,5,2,2,2,2,2,2,2,1,11,4,4,4,3,1,4,2,3.9,1,1.67,2.15,0,91.6,0
1544,1,1,2,8,42,5,5,3,1,1,4,1,4,1,22.963,71,2.6,-0.89,4,0,1,6,2,1,9,1,3.5,2.8,4,3,1,1,1,1,6,2,2,2,2,2,2,2,1,6,4,3,4,2,1,4,2,3.8,2,4,2.08,0,93.9,0
1546,1,1,4,8,34,3,3,3,1,1,4,0,3.75,0,19.1995,62,2.58,0.93,3,0,1,5,1,3,8,1,1.25,3.8,5,2,1,4,5,1,5,2,2,2,1,2,2,1,2,11,2,3,4,1,2,3,2,3.6,3.33,3.67,2.58,0,88.9,0
1555,1,1,6,8,78,4,4,3,1,1,5,0,4,1,40.095,62,3.92,0.27,4,0,1,4,2,1,8,2,1,3.9,5,3,1,1,1,1,5,4,2,2,2,2,2,2,1,8,3,5,4,4,1,4,1.5,3.2,2.67,5,3.92,0,92.5,0
1565,0,1,5,7,26,3,4,3,1,1,5,0,3.75,0,15.7235,44,1.75,-0.78,4,0,1,5,1,1,7,2,1.5,3.9,4,2,2,1,1,1,4,2,2,2,2,2,2,1,1,7,4,5,5,2,2,3.75,1.5,3.7,2.33,4.67,2.08,0,93,0
1581,0,1,3,8,39,5,4,2,1,1,5,0,4,1,21.594,72,2.5,0.05,4,0,3,2,1,2,12,1,1,3.9,4,3,1,2,3,3,2,4,2,2,2,2,2,1,2,6,3,5,5,2,2,4,1.25,3.9,1,3.33,1.46,0,88.5,0
1587,0,1,4,8,51,3,2,3,1,1,3,0,4,0,26.888,78,2.92,-0.13,4,0,1,5,1,1,10,1,3,2.8,4,1,2,1,1,1,4,2,2,2,1,2,2,1,1,5,1,4,5,4,1,4,1,2.6,1.67,3.33,2.17,0,94.8,0
1588,0,1,5,7,26,5,5,3,1,1,5,0,3.75,0,15.9795,40,2.09,0.65,4,0,1,3,1,1,7,1,1.5,3.2,4,2,1,9,3,1,3,2,2,2,2,2,2,1,1,9,2,4,5,3,2,4,2,2.8,1.33,3.33,2.75,0,94.8,0
1592,0,1,6,7,48,4,3,3,1,1,3,0,4,0,25.995,78,3.5,0.24,4,0,1,7,2,1,10,2,1.75,2.7,4,3,2,9,1,1,5,3,2,2,2,2,2,2,1,10,3,4,5,2,2,4,1.5,2.8,2,2.33,3.5,0,94.8,0
1593,0,1,5,7,39,5,2,3,1,1,4,0,4,0,21.697,54,3.7,0.22,3.75,0,5,7,2,4,5,1,2,2.9,4,3,2,1,3,6,4,2,1,2,2,2,2,2,2,5,3,5,5,4,1,4,2.25,3.9,2,4.67,3.5,0,96,0
1596,0,1,5,8,42,4,4,2,1,1,4,0,4,0,23.201,71,2.4,0.16,3.5,0,1,5,1,1,9,1,1.5,2.6,4,2,1,9,3,1,4,3,2,2,2,2,2,1,1,6,3,5,5,3,1,4,1.25,3.3,1.67,4,2.77,0,96,0
1598,0,1,5,7,50,5,4,3,1,1,5,0,4,0,26.957,54,3.9,0.34,4,0,1,5,2,2,5,2,1,4,4,3,1,9,3,1,4,3,2,2,2,2,2,2,1,5,3,4,4,4,1,4,1.25,3.7,1.67,5,3.31,0,94.8,0
1602,0,1,6,7,44,5,4,1,1,1,5,0,4,0,24.303,54,2.5,0.61,3.75,0,1,5,1,4,5,2,1.25,3.5,3,3,1,9,3,1,5,3,2,2,1,1,2,1,1,5,1,5,5,6,1,3.5,2,3.6,1.33,3.33,2.9,0,94.8,0
1604,1,1,6,8,57,3,4,3,1,1,4,0,4,0,30.29,55,3.9,0.18,4,0,1,8,2,1,7,2,1.75,3.8,5,4,2,9,3,1,4,2,2,2,1,2,2,2,1,8,3,5,4,4,1,4,2,3.7,2.33,4.67,4.75,0,95.5,0
1620,1,1,3,8,50,5,4,2,1,1,5,0,4,0,26.637,19,2.83,0.78,3.75,0,5,3,2,2,5,2,1.75,3,5,5,4,3,3,5,2,1,1,1,2,2,2,2,1,8,3,4,5,3,3,3.25,1.75,3.7,2.33,4.33,2.29,0,90.2,0
1621,1,1,5,8,64,4,4,3,1,1,5,0,3.5,0,33.325,55,2.67,-0.63,4,0,5,1,1,1,7,1,1.5,3.4,5,2,1,2,2,5,1,1,2,2,2,2,2,1,1,5,2,5,4,2,1,3.75,2.5,4,1.67,4,2.15,0,90.2,0
1636,0,1,2,8,38,3,3,3,1,1,5,0,4,0,20.683,71,3.4,0.55,4,0,1,4,2,2,9,2,1,3.5,5,2,1,1,1,1,4,3,2,2,2,2,2,2,2,10,3,5,5,2,1,4,1.75,3.9,3.33,3,2.25,0,93.9,0
1638,0,0,5,7,50,5,2,2,1,1,4,0,4,0,26.662,78,3.9,0.29,4,0,1,6,2,2,10,2,2.5,2.2,5,5,1,9,1,1,6,2,2,2,2,2,2,2,1,10,4,5,5,6,1,4,1.25,3.8,2,2.67,3.92,0,94.8,0
1643,0,1,5,7,53,4,3,3,1,1,3,0,3,0,27.894,62,2.9,-1.37,3,0,5,4,2,1,6,1,1.25,2.7,4,3,1,1,1,5,3,1,1,2,1,2,2,2,1,6,2,5,5,2,1,3.5,1.5,3.4,3.33,4,3.5,0,92.6,0
1652,0,1,3,7,50,4,2,2,1,1,4,0,3,0,26.019,66,1.97,0.07,4,0,3,6,1,1,7,1,1,2.5,5,5,1,3,3,3,5,3,2,2,2,2,2,1,1,4,3,4,4,6,1,2.75,1.75,2.8,2.33,2.33,2.15,0,96,0
1653,0,1,5,8,37,4,1,3,1,1,4,0,4,0,20.691,66,2.83,-0.15,4,0,1,5,1,1,4,1,2.25,3,4,3,1,2,2,1,3,1,2,2,1,2,2,1,1,5,3,4,5,1,1,3.75,1.5,2.5,3,4.67,2.22,0,96,0
1656,0,1,6,8,51,3,1,3,1,1,5,0,4,0,27.266,78,4,0.97,3,0,1,5,1,4,10,2,1.25,3.7,5,5,2,4,4,1,4,4,2,2,1,2,2,1,2,10,4,5,5,3,1,4,1,3.9,2,5,4.08,0,95.3,0
1665,0,1,5,7,58,2,2,2,1,1,4,0,4,0,30.117,64,3.25,-0.85,4,0,1,10,2,1,12,1,1,3.5,5,2,1,1,1,1,9,4,2,2,2,2,2,2,1,10,3,5,4,2,1,4,2.25,2.8,2.33,2.33,3.75,0,94.7,0
1666,0,1,6,8,46,5,4,1,1,1,5,0,4,0,25.305,57,3.25,-0.48,4,0,1,8,2,2,6,1,1.25,4,5,2,1,2,2,1,8,2,2,2,2,2,2,2,1,6,4,5,4,1,2,4,1,4,1.67,1.33,3.56,0,96,0
1670,0,1,6,8,34,4,2,2,1,1,5,0,3,0,19.388,66,3,-0.75,3.75,0,1,8,2,2,12,1,1.75,2.1,5,3,1,2,2,1,7,4,2,2,2,1,2,2,2,10,4,5,5,2,1,3.5,2,2.4,1.33,1.33,3.73,0,96,0
1671,0,1,6,7,31,3,1,3,1,1,5,0,4,0,18.002,78,3.83,-1.11,2.75,0,1,5,2,2,10,1,1.75,2.2,4,6,1,2,2,1,5,2,2,2,1,2,2,2,2,10,4,5,5,5,1,3,1.75,3.2,1.33,3.67,4.09,0,94.7,0
1674,0,1,6,8,50,2,1,1,1,1,4,0,4,0,26.59,78,4,0.76,4,0,1,5,2,1,12,1,1,3.4,4,6,1,3,1,1,3,3,2,2,2,2,2,2,1,7,3,5,5,5,1,4,2.25,2.9,1.33,3,4.36,0,94.7,0
1675,0,1,6,8,56,4,3,3,1,1,4,0,4,0,29.786,66,4,-0.27,4,0,1,3,1,3,7,1,1.25,3.7,5,6,1,2,2,7,4,2,2,2,2,2,2,1,1,10,3,5,5,6,1,4,1.75,3,1,3.67,3.9,0,93.9,0
1677,0,1,6,8,44,4,3,1,1,1,4,0,4,0,24.18,78,4,0.73,4,0,1,5,2,1,10,1,1,2.9,5,3,1,2,2,1,5,4,2,2,1,2,2,2,1,10,3,5,5,2,1,4,1.25,3.7,3,4.33,3.83,0,96,0
1678,0,1,6,8,62,3,2,2,1,1,4,0,3,0,32.121,78,4,-0.46,4,0,1,4,2,2,10,1,1.25,2.1,5,1,1,1,1,1,4,3,2,2,1,2,2,2,1,10,4,5,5,3,1,3.5,1.25,2.4,2,3.67,4.3,0,93.3,0
1679,0,1,8,8,38,4,5,3,1,1,4,0,4,0,22.096,50,2.8,0.82,4,0,1,4,2,3,5,1,2.5,2,4,1,1,1,1,1,6,4,2,2,1,2,2,2,1,6,4,5,5,3,1,4,2.75,2.5,2,2,3.64,0,95.5,0
1686,0,1,6,8,50,4,2,2,1,1,5,0,4,0,26.93,78,4,0.05,2.25,0,1,6,1,4,10,1,1.5,3,5,5,1,4,4,1,6,2,2,2,2,2,2,1,2,10,4,5,5,5,1,3.5,1.75,3,1.33,5,4.29,0,95.5,0
1693,0,1,6,7,56,5,2,2,1,1,5,0,3.75,0,29.6345,54,3.73,-1.35,2.5,0,1,8,2,3,5,2,1.25,2.9,3,2,1,2,2,1,7,3,2,2,2,2,2,2,2,5,3,4,5,5,1,3,1.5,3.5,2.33,4,4,0,93.6,0
1696,0,1,6,6,60,2,2,3,1,1,5,0,4,0,31.233,60,2.6,-0.46,3,0,1,5,2,2,6,1,1.5,2.4,4,3,1,3,3,1,5,3,2,2,2,2,2,2,2,5,2,5,5,2,2,3,2,3,2.67,2,3.17,0,92.6,0
1699,0,1,6,8,50,5,3,3,1,1,4,0,3,0,26.918,78,4,-1.1,3,0,1,4,2,2,10,2,1,3.7,5,5,1,2,2,1,8,3,2,2,2,2,2,2,2,5,4,4,5,5,1,3,1.25,3.5,1.67,4.67,3.42,0,94.8,0
1701,0,1,5,8,51,3,2,2,1,1,4,0,4,0,27.072,45,3.6,0.99,4,0,1,6,2,1,13,1,1.75,2.5,5,4,2,2,2,1,6,4,2,2,2,2,2,2,1,6,4,4,5,6,2,4,1.25,3,1.33,1.67,2.55,0,93.3,0
1702,0,1,8,8,66,4,3,2,1,1,5,0,4,0,34.758,78,3.75,1.27,4,0,1,3,1,1,8,1,1,3.8,5,3,1,2,2,1,3,3,2,2,1,2,2,1,1,10,4,5,5,3,1,4,1,4,1,4.33,4,0,94.2,0
1704,0,1,6,8,51,3,3,2,1,1,3,0,3,0,27.125,64,3.73,-0.62,3,0,1,4,2,4,12,1,1.5,3.1,4,4,1,2,2,1,4,3,2,2,1,2,2,2,2,10,3,5,1,5,1,3,1.75,2.8,3.33,5,3.67,0,93.9,0
1708,0,1,6,7,50,4,4,3,1,1,5,0,4,0,27.071,55,2.58,0.26,4,0,1,4,1,2,7,1,1,3.9,5,2,1,1,1,1,4,3,2,2,1,2,2,1,1,10,4,5,5,3,1,4,1,3.3,1.33,3.33,3.38,0,94.8,0
1710,0,1,3,7,33,4,4,3,1,1,4,0,4,0,18.639,49,2.9,0.25,4,0,3,2,1,1,12,1,1.75,3.7,5,1,1,2,3,1,5,3,2,2,2,2,2,1,1,10,4,4,4,2,1,4,1,4,3,4,2.9,0,96,0
1719,0,1,6,8,66,4,3,2,1,1,5,0,3,0,34.164,71,3.92,-0.83,3,0,1,7,1,4,3,1,1.5,3.4,5,2,1,1,1,1,3,3,2,2,1,2,2,1,2,7,2,5,4,2,2,3,1,3,2,2.33,4.17,0,92.6,0
1723,0,0,5,8,43,2,2,3,0,1,5,1,4,1,23,78,3.6,-0.75,3,0,1,7,1,2,13,2,1.75,2.7,5,3,1,2,2,1,8,3,2,2,2,2,2,1,2,5,2,5,1,4,1,3,1,3.3,2.67,4.67,3.36,0,94.2,0
1725,0,1,3,8,43,5,5,2,1,1,4,0,4,0,23.436,52,2.8,-0.1,3.5,0,1,6,1,2,4,2,1.25,3.8,2,2,1,2,2,1,4,2,2,2,2,2,2,1,1,4,4,4,4,2,1,4,1,3.9,2,4.67,2.67,0,96,0
1727,0,1,5,8,50,4,4,3,1,1,5,0,4,1,27.004,71,3.18,-0.89,4,0,1,8,2,3,9,2,1.25,3.8,5,4,1,2,2,1,9,3,2,2,2,2,2,2,2,8,4,5,5,3,1,4,2,3.4,1.67,4,3,0,95.5,0
1728,0,1,2,7,30,3,3,2,1,1,2,0,1.5,0,16.278,62,1.64,-0.75,2,0,1,10,1,4,8,1,2.25,2.6,4,5,1,2,2,1,9,4,2,1,2,2,2,1,2,2,4,3,3,4,2,2.25,2,3,2.67,3.33,2.36,0,92.6,0
1729,0,1,5,8,58,5,4,3,1,1,5,0,4,0,30.713,60,3.1,-0.17,4,0,3,3,1,2,6,1,1.5,3.9,4,2,1,2,2,1,2,4,2,2,2,2,2,1,2,9,3,5,5,1,1,4,2.25,3.5,2.33,3.33,3.55,0,96,0
1732,0,1,6,8,18,4,3,2,1,1,5,0,4,0,12.33,78,4,0.48,4,0,1,3,1,1,10,1,2.25,3.1,5,3,1,2,2,1,3,3,2,2,2,2,2,1,1,10,1,5,5,5,1,4,1.75,3.2,2,2,4.29,0,94.7,0
1733,0,1,6,8,50,4,2,1,1,1,5,0,4,0,26.881,78,4,1.77,4,0,1,3,1,2,10,1,1.25,3.6,5,2,1,2,2,1,3,2,2,2,2,2,2,1,2,10,4,5,5,4,1,4,2.75,2.7,2,2.33,4.8,0,94.7,0
1734,0,1,6,8,42,4,4,3,1,1,4,0,4,0,23.448,78,3,0.78,4,0,1,8,2,2,10,1,2,3,5,2,2,2,2,1,8,2,2,2,1,2,2,2,1,10,4,4,4,2,1,4,1.5,4,1.67,4,3.83,0,96,0
1736,0,1,6,8,50,5,4,1,1,1,5,0,4,1,27.188,78,4,1.3,4,0,1,4,2,1,10,1,1.5,3.1,5,4,1,2,2,1,2,2,2,2,2,2,2,2,1,10,4,5,5,6,1,4,1,2.2,1.67,4.33,4.29,0,96,0
1737,0,1,6,7,30,2,2,3,1,1,5,0,4,0,17.547,54,2.9,-0.22,4,0,1,3,2,1,5,2,1,4,3,4,1,2,2,1,3,3,2,2,2,2,2,2,1,10,2,4,5,5,1,4,1,3.7,1.67,3.67,3.7,0,94.1,0
1739,0,1,6,8,57,5,4,3,1,1,4,0,4,0,30.417,71,4,-0.37,4,0,1,7,2,2,9,1,1.75,3.5,5,4,1,2,2,1,7,3,2,2,2,2,2,2,2,14,4,5,5,5,1,4,1.75,3.6,1.67,3,4.6,0,93.3,0
1741,0,1,6,8,50,2,4,2,1,1,3,0,4,0,26.868,78,0.4,-0.19,4,0,1,5,2,2,10,1,1.75,3.5,5,4,2,2,2,1,5,4,2,2,1,2,2,2,1,10,3,5,4,6,1,4,2.25,2.7,2,3,3.5,0,94.8,0
1748,0,0,1,8,21,3,3,3,1,1,4,0,3.75,0,12.5625,78,2.24,-1.66,2.5,0,1,5,1,3,10,2,2,3,5,1,1,1,1,1,5,3,2,2,2,2,2,1,2,7,2,4,4,4,3,3.25,1,2.8,2.33,3.33,1.9,0,96,0
1763,0,1,5,7,50,4,3,1,1,1,3,0,3.75,1,26.6145,40,2.7,-0.62,3.5,0,1,3,1,2,12,1,1.75,3.5,4,2,2,2,2,1,4,2,2,2,2,2,2,1,1,6,3,4,5,2,2,3.75,2,3.1,2,2,2.18,0,93.9,0
1772,1,1,6,7,20,3,1,2,1,1,4,0,3,0,12.712,71,3.4,-0.2,3,0,1,5,1,3,9,1,1,3.7,2,4,1,2,2,1,4,3,2,2,1,2,2,1,1,10,3,4,5,4,2,2.5,2,3.2,3,4.33,3.71,0,94.7,0
1774,1,1,1,8,43,4,3,3,1,1,4,1,3,1,22.766,43,1.9,-0.96,3,0,1,5,1,2,7,1,1.75,2.5,2,4,2,1,3,1,4,3,2,2,2,2,2,1,1,4,1,2,3,2,3,3.75,2.25,2.9,1,1.33,1.9,1,95.5,0
1775,1,1,6,7,34,3,3,1,1,1,4,0,2.75,1,19.2625,65,3.91,-1.02,4,0,5,2,2,2,12,1,1,2.8,5,4,1,2,2,5,2,3,1,2,2,2,2,2,1,6,3,4,5,6,2,3.25,1.25,3.4,1.33,2.67,3.17,0,93.9,0
1783,0,1,6,8,34,4,3,2,1,1,4,0,4,0,19.639,37,3.8,-1.66,3.75,0,1,8,2,2,6,2,2,3.6,4,3,1,2,2,1,6,3,2,2,2,2,2,2,1,10,4,5,5,4,1,3.75,2.75,2.7,2.33,2.67,4.33,0,94.8,0
1784,0,1,6,8,54,4,4,2,1,1,4,0,4,1,28.954,72,3.6,0.71,4,0,1,6,2,3,12,1,3.5,2.5,4,2,2,3,3,1,5,3,2,2,1,2,2,2,1,6,3,5,5,2,1,4,3.5,2.7,1,2.33,3.64,0,96,0
1786,0,1,6,8,72,3,2,2,1,1,4,0,4,0,36.909,72,4.33,-0.43,4,0,1,5,2,1,6,2,1.75,3.8,5,1,1,6,6,1,3,2,2,2,2,2,2,2,1,11,4,5,5,6,1,4,1.5,3.9,1.33,2.67,3.15,0,94.4,0
1797,0,1,6,8,38,4,2,3,1,1,4,0,4,0,21.436,78,2.67,0.72,4,0,1,5,2,1,10,1,2.5,2.9,5,1,2,2,2,1,7,3,2,2,2,2,2,2,1,5,3,5,5,1,2,4,1,3.1,2.67,3.33,3.6,0,94.2,0
1798,0,1,2,7,22,3,2,3,0,1,3,0,4,0,12.638,78,1.27,-0.99,3.5,0,1,11,1,2,10,2,2.25,3.2,3,5,1,2,2,1,12,3,2,2,2,2,2,1,2,10,3,3,5,2,1,3.75,1.5,3.3,2.33,4.67,1.38,0,94.8,0
1801,0,0,2,8,20,3,3,2,1,1,5,0,3,0,12.139,33,3.2,-0.35,3.5,0,3,2,1,1,12,1,1.75,3.5,2,2,1,1,2,3,2,3,2,2,2,2,1,1,1,5,2,2,2,2,1,3.25,2.5,1.7,1.67,3,2.9,0,93.9,0
1802,0,1,3,8,39,1,1,2,1,1,4,1,4,0,20.959,66,1.9,-0.07,4,0,1,6,2,2,12,1,4,2,5,1,4,9,3,1,7,1,2,2,2,2,2,2,1,10,3,4,5,2,1,4,2,3,2.33,2.33,3.57,0,94.8,0
1804,0,1,6,8,52,3,2,3,1,1,4,0,4,0,27.778,78,3.9,0.58,4,0,1,3,2,3,10,2,1.25,2.8,5,4,1,9,3,1,3,3,2,2,2,2,2,2,1,5,3,5,5,3,1,4,1.5,3.3,1.33,3.33,3.67,0,96,0
1806,0,1,7,8,60,4,3,2,1,1,4,0,4,0,31.771,78,4,-0.43,3.75,0,1,3,2,4,10,1,2,3.5,4,3,2,9,9,1,5,4,2,2,1,2,2,2,2,8,3,5,5,5,1,4,2.75,3.8,2.33,5,3.79,0,93.3,0
1809,0,1,6,8,42,3,2,3,1,1,4,0,4,0,23.188,49,2.8,0.38,4,0,1,4,2,1,14,2,2.25,3.3,5,3,1,9,3,1,4,2,2,2,2,2,2,2,1,5,4,5,5,3,2,4,2,2.9,1.33,4.33,2.91,0,94.8,0
1813,0,1,2,8,52,4,3,3,1,1,4,0,3.5,0,27.059,40,3.1,0.18,3.75,0,1,9,1,3,14,1,1.5,3.3,4,3,1,9,3,1,6,2,2,2,2,1,2,1,2,10,3,4,5,2,1,3.75,2,3.3,2.67,4,3.92,0,94.7,0
1814,0,0,2,8,56,5,5,3,1,1,5,1,4,1,29.348,51,2.8,-1,4,0,1,9,2,4,4,1,2.75,3.4,5,6,1,1,1,1,10,1,2,2,2,2,2,2,2,10,4,5,5,6,1,4,1.75,4,2.33,5,3.08,0,92.6,0
1815,0,1,5,8,42,4,4,3,1,1,3,0,3.5,0,23.116,54,3.08,0.44,4,0,1,3,2,1,5,1,1.75,2.7,4,3,1,9,3,1,3,4,2,2,1,2,2,2,1,14,3,4,5,2,1,3,1.5,2.8,2,2.33,2.92,0,94.7,0
1816,0,1,3,8,38,4,1,3,1,1,5,0,4,1,20.836,72,2.5,-0.39,3.25,0,1,8,1,4,12,1,2.5,2.3,3,2,1,2,2,1,10,3,2,2,2,2,2,1,2,7,3,4,4,2,1,3.5,2.75,3,2.33,3.33,3.5,0,92.6,0
1817,0,1,6,6,42,3,3,2,1,1,4,0,4,0,23.059,62,3.8,0.57,4,0,1,4,2,1,8,2,1.25,3.6,4,1,1,9,3,1,3,2,2,2,2,2,2,2,1,5,4,4,5,4,1,4,3,3.1,2.33,3.33,3.36,0,94.8,0
1821,0,1,5,7,58,4,3,1,1,1,5,0,4,0,30.359,60,3.8,0.34,4,0,1,5,2,3,6,2,1.5,3.3,4,4,1,1,1,1,4,1,2,2,2,2,2,2,1,5,4,5,5,4,1,4,1,4,2,2.67,4,0,96,0
1827,0,0,2,8,37,5,3,2,1,1,5,0,4,0,20.308,40,2.5,-0.3,4,0,1,5,1,1,14,2,1.25,4,5,2,1,1,3,1,5,4,2,2,1,2,2,1,1,7,2,5,5,2,1,3.75,1.5,3,1.33,4,3.17,0,96,0
1829,0,1,5,7,50,3,2,3,1,1,3,0,3.5,0,26.444,78,2.3,-0.08,3.75,0,1,5,1,3,10,1,1.75,2.6,5,2,3,9,3,1,3,3,2,2,1,2,2,1,1,10,3,3,5,3,1,4,2,2.8,3.67,5,1.8,0,94.8,0
1833,0,1,5,7,60,5,3,3,1,1,4,0,4,0,31.424,66,3.25,0.18,3.75,0,1,3,1,2,12,2,1.5,3.2,5,2,4,9,3,1,3,4,2,2,1,2,2,1,1,7,4,4,5,3,1,4,1.5,3.5,1,4,3.83,0,94.8,0
1835,0,1,2,8,34,4,4,3,1,1,3,1,4,0,18.996,78,3.8,-0.37,3.5,0,1,5,2,1,10,1,1.75,2.8,5,4,1,1,3,1,4,2,2,2,2,2,2,2,1,10,1,5,5,5,1,4,1.25,3.9,1.67,4.67,1.83,0,94.8,0
1836,0,1,3,8,53,4,4,3,1,1,3,0,3,0,27.67,58,2.9,0.04,2.25,0,1,6,2,4,5,2,2.25,2.8,3,2,1,1,3,1,4,3,2,2,2,2,2,2,2,5,3,5,5,5,1,4,1.5,3.1,1.67,5,3.5,0,96,0
1840,0,1,6,8,46,2,2,3,1,1,4,0,4,0,24.94,56,2.6,0.85,4,0,1,3,1,1,7,1,1.75,3.5,5,3,1,1,3,1,3,3,2,2,2,2,2,1,1,7,4,4,5,3,1,4,1.5,3.4,1.67,3,2.1,0,94.7,0
1844,0,1,3,8,58,4,5,3,1,1,4,1,4,1,30.38,78,2.42,0.26,4,0,1,4,1,1,10,1,1.25,3.7,4,1,1,9,3,1,4,4,2,2,1,2,2,1,1,5,3,4,5,1,1,4,1,3.7,2.33,4,2.45,0,94.8,0
1845,0,1,6,8,31,3,2,3,1,1,4,0,3,0,17.941,51,3.9,0.64,3,0,1,6,2,4,7,2,1,2.8,4,4,1,3,3,1,6,3,2,2,1,2,2,2,2,10,3,4,4,3,1,4,1.25,3.3,1.67,4,4.4,0,96,0
1846,0,1,6,8,50,3,4,3,1,1,4,0,4,0,27.036,78,4,0.31,4,0,1,5,2,2,6,1,1.25,3.5,4,5,2,9,3,1,5,2,2,2,1,1,2,2,2,10,4,5,5,4,2,4,1.75,3.6,1.67,3.67,4.22,0,94.8,0
1847,0,1,5,7,42,4,3,3,1,1,4,0,4,0,23.078,72,3.45,0.08,3.75,0,1,6,1,3,7,1,1.75,2.9,5,4,1,9,1,1,7,2,2,2,2,2,2,1,1,10,3,4,5,6,1,4,2.25,3,1,4.33,3.86,0,96,0
1854,0,1,3,8,42,4,3,2,1,1,2,1,4,1,22.741,54,1.82,0.98,4,0,5,5,2,1,5,1,2.5,1.9,5,4,2,1,9,8,3,2,1,1,2,1,2,2,1,5,4,3,4,4,2,4,1.5,3,1.33,3,1.82,1,94.1,0
1858,0,1,6,8,62,4,3,3,1,1,5,0,3.5,0,32.476,70,3.5,0.33,4,0,4,4,1,4,7,1,1.75,3.4,5,2,1,1,1,1,3,2,2,2,2,2,2,1,2,7,2,5,5,4,1,4,1.25,3.7,1.33,5,2.67,0,94.8,0
1859,0,1,3,8,34,5,2,3,1,1,3,0,4,0,19.055,52,1.9,0.52,3.75,0,1,5,1,4,14,2,1,3.7,4,2,1,1,1,1,5,2,2,2,2,2,2,1,2,5,2,4,5,2,2,3,1,3.9,2.33,4,2.56,0,94.8,0
1861,0,1,6,7,42,3,3,2,1,1,5,0,4,0,23.178,62,3.6,0.97,4,0,1,4,2,1,6,1,2,3.6,5,2,1,9,3,1,3,1,2,2,2,2,2,2,1,6,3,4,5,4,1,4,1,3.3,1.33,3,3.3,0,94.8,0
1863,0,1,5,7,37,3,2,2,1,1,5,0,4,0,20.597,78,2.08,0.7,4,0,1,6,2,1,10,1,2,3.5,5,4,1,9,3,1,6,2,2,2,2,2,2,2,1,10,4,5,5,5,1,4,3.5,2.6,2.67,3,2.17,0,96,0
1866,0,1,5,8,38,4,5,3,1,1,5,0,4,0,21.537,78,2.7,0.15,4,0,1,5,1,1,10,2,1.5,3.8,4,3,1,9,3,1,5,3,2,2,2,2,2,1,1,10,4,5,5,4,1,3.75,1.75,3.3,1,3,3.15,0,96,0
1868,0,1,6,8,49,3,3,3,1,1,4,0,4,0,26.489,62,4,0.72,4,0,1,7,2,2,8,2,2,2.9,5,4,1,9,3,1,5,2,2,2,2,2,2,2,1,10,4,5,5,4,1,4,1.25,3.2,1.33,4.33,3.6,0,96,0
1875,0,0,7,7,42,4,4,2,1,1,4,0,4,0,23.478,78,4,0.93,4,0,1,7,2,1,10,1,3.5,2.1,5,6,1,9,3,1,7,2,2,2,2,2,2,2,1,10,3,5,5,6,1,4,3.25,2.1,1.33,3.33,4.17,0,96,0
1879,0,1,2,8,38,3,3,3,1,1,4,0,4,0,20.648,78,2.9,0.44,2.25,0,1,8,1,4,10,1,2.25,3.1,4,2,1,1,1,1,4,1,2,2,2,2,2,1,2,2,4,4,4,5,1,3,1.75,3,3.67,4,2.36,0,96,0
1883,0,1,2,8,39,4,4,3,1,1,5,0,4,0,21.314,67,2.7,-0.05,3,0,1,5,1,4,5,2,1.5,3.1,4,2,1,1,1,1,6,2,2,2,2,2,2,1,1,3,3,2,4,3,1,3.75,1.25,2.7,2.67,4.33,1.45,0,96,0
1887,0,1,5,8,39,5,5,3,1,1,2,1,4,1,22.069,70,2.9,-0.21,4,0,1,5,1,2,10,1,1.75,2.4,5,3,1,9,3,1,4,2,2,2,2,2,2,1,1,5,3,5,5,5,1,4,1,4,2.67,4,2,0,94.8,0
1893,0,1,5,7,49,3,2,1,1,1,5,0,3.75,0,26.0065,66,2.92,0.62,3.75,0,1,4,1,1,12,1,1,3.4,4,2,1,9,3,1,5,2,2,2,2,2,2,1,1,10,3,4,5,2,1,4,1.75,2.6,1.67,1,1.3,0,94.8,0
1896,0,0,5,8,38,5,4,3,1,1,3,0,4,0,21.428,54,2.6,0.85,4,0,1,4,2,1,5,2,1.75,3.3,5,3,1,9,3,1,3,1,2,2,2,2,2,2,1,5,4,4,5,3,1,4,1.5,3.2,1.67,5,2.58,0,94.8,0
1897,0,1,5,8,20,5,3,3,1,1,4,0,4,0,13.148,66,2.8,0.5,3.75,0,1,4,2,1,7,1,2,3.1,4,3,1,1,1,1,4,3,2,2,2,2,2,2,1,7,4,4,4,4,2,3.75,3.25,2.2,1.33,2,3,0,94.7,0
1899,0,1,3,8,48,4,3,2,1,1,5,0,4,0,25.506,53,2.3,0.42,4,0,1,4,2,2,2,1,3.25,2.6,3,3,1,9,9,1,4,2,2,2,1,1,2,2,1,4,2,3,5,2,3,4,2.25,2.5,3,2.33,2.05,0,94.8,0
1901,0,1,5,8,39,3,3,3,1,1,3,0,4,1,21.713,65,2.1,0.65,4,0,3,7,1,3,7,1,2.5,3.5,5,6,1,9,3,5,3,2,1,2,2,2,2,1,1,7,3,4,4,2,2,4,3,2.8,2.67,4,1.67,0,94.8,0
1903,0,1,6,8,56,4,2,2,1,1,3,0,4,0,29.614,60,3.75,-0.24,3.75,0,1,12,2,4,6,2,1,3.4,4,4,1,3,3,1,2,2,2,2,2,2,2,2,1,8,3,5,5,2,1,4,1.25,3.9,1,4.67,3.67,0,92.1,0
1905,0,1,6,8,42,5,4,2,1,1,5,0,4,1,23.565,71,3.7,0.39,4,0,1,8,2,1,9,1,2.5,2.9,5,3,1,9,3,1,4,3,2,2,2,2,2,2,1,9,3,5,5,4,1,4,2.5,3.2,3,4.67,3.6,0,94.7,0
1908,0,1,5,8,34,3,2,3,1,1,4,1,4,0,19.365,37,3,-0.46,4,0,5,1,1,3,12,1,1.75,3.5,4,1,2,4,4,5,1,3,2,2,2,1,2,1,2,7,3,4,5,4,1,4,1,3.6,2.33,4.33,2.91,0,93.3,0
1910,0,1,4,8,62,4,4,2,1,1,4,0,4,0,32.183,51,2,0.63,4,0,1,3,2,2,4,2,1,3.1,5,1,2,9,3,1,3,3,2,2,2,2,2,2,1,5,4,5,4,1,1,4,1.25,3.3,1.33,4.33,3.5,0,94.8,0
1913,0,1,5,8,31,4,4,2,1,1,4,0,4,0,18.152,54,2.4,-0.33,4,0,4,2,2,3,5,2,1.25,3.4,5,5,1,1,1,4,2,2,2,2,1,2,2,2,2,5,3,4,4,2,2,4,1,3.2,2.67,2.67,2.5,0,94.8,0
1917,0,1,6,8,42,3,4,3,1,1,4,0,4,0,23.364,54,3.4,0.36,4,0,1,4,2,2,5,2,1.25,3.2,4,2,1,9,9,1,3,3,2,2,2,2,2,2,1,6,2,5,5,3,2,4,2.75,3.2,2,4.33,3.8,0,94.8,0
1920,0,1,1,8,42,4,4,3,1,1,3,0,4,0,22.423,54,4,-0.86,3.25,0,1,6,2,4,5,1,1.25,3,5,5,1,4,4,1,9,1,2,2,2,2,2,2,2,10,3,4,5,6,1,3.5,2.75,3,1.33,4,2.83,0,94.8,0
1922,0,1,7,7,44,5,4,3,1,1,4,0,4,0,24.564,65,2.6,0.37,4,0,1,4,2,2,12,2,3.25,2.5,4,2,1,1,1,1,4,1,2,2,2,2,2,2,2,5,2,5,5,4,1,4,3.25,2.3,1.67,3.67,2.67,0,94.8,0
1924,0,1,3,8,53,3,2,2,1,1,5,0,4,0,27.629,56,3.3,0.73,4,0,1,5,1,1,7,1,1.25,3.7,4,2,1,9,3,1,5,1,2,2,2,2,2,1,1,5,1,5,5,3,1,4,1.25,3.7,1.67,4.67,2.82,0,94.8,0
1925,0,1,6,8,50,4,1,3,1,1,5,0,3.5,1,26.839,78,4,0.09,4,0,1,6,2,3,10,2,1,3.5,5,6,1,1,1,1,6,2,2,2,2,2,2,2,2,10,4,5,5,6,1,4,1.75,3.1,1.33,4,3.6,0,94.8,0
1927,0,1,4,8,51,3,3,3,1,1,4,0,3.5,0,26.912,55,3.5,-0.54,3.75,0,1,5,1,4,7,1,1.5,3,5,4,2,1,1,1,5,2,2,2,1,2,2,1,2,7,3,3,5,5,1,4,1,2.9,2.33,3.67,3.2,0,96,0
1930,0,1,3,8,34,3,2,3,1,1,4,0,4,1,18.969,40,2.7,0.37,4,0,1,6,1,3,14,1,1.75,2.7,4,3,1,9,3,4,3,4,2,2,2,2,1,1,1,7,2,4,5,4,1,4,1.75,3,2.33,3.33,1.45,0,94.8,0
1931,0,1,3,8,34,4,3,3,1,1,4,0,4,0,19.094,66,2.5,-0.05,4,0,1,5,1,2,4,1,1.75,3.7,4,2,1,9,3,1,5,3,2,2,1,2,2,1,1,14,4,4,4,2,1,4,1.5,4,1.67,3.67,2.69,0,94.7,0
1933,0,1,5,8,53,5,3,2,1,1,3,0,3.5,0,28.112,78,2.6,1.23,4,0,1,5,2,1,10,2,1,3.8,4,3,1,9,3,1,4,3,2,2,2,2,2,2,1,1,4,4,4,2,2,4,1.75,2.6,2.33,3.67,2.08,0,94.8,0
1935,0,1,3,8,39,4,2,2,0,1,5,1,4,1,20.922,66,2.3,-0.33,4,0,3,3,1,3,7,1,2.25,3.9,4,1,1,1,1,5,1,4,2,2,2,2,2,1,1,4,3,4,4,2,2,4,2.5,3.5,2.33,3,1.5,0,94.8,0
1937,0,1,6,7,34,3,2,3,1,1,5,0,4,0,19.467,71,2.83,0.45,4,0,1,7,1,2,9,1,1,4,5,4,1,5,5,1,7,1,2,2,2,2,2,1,1,9,3,5,5,2,1,4,1,3.9,2.33,3,2.17,0,94.8,0
1944,0,1,4,7,35,4,4,2,1,1,5,1,4,1,19.835,71,3.8,0.24,4,0,1,4,2,2,9,1,1.5,3.4,4,1,1,9,3,1,5,3,2,2,1,2,2,2,1,5,4,4,4,3,1,4,2.25,3.5,1.67,3,2.5,1,94.8,0
1953,0,1,6,8,69,4,3,2,1,1,4,0,4,0,35.704,78,3.92,0.47,4,0,1,4,2,2,10,2,1.5,3.2,5,6,1,9,3,1,3,2,2,2,2,2,2,2,1,7,4,5,4,3,1,4,1.25,3.4,2.67,2.67,3.75,0,94.8,0
1954,1,1,3,8,33,4,4,3,1,1,4,0,4,0,18.764,78,2.3,-0.32,4,0,1,4,2,3,10,1,2.75,2.8,3,2,1,3,1,1,3,2,2,2,2,2,2,2,1,10,3,3,4,3,1,3.75,1.75,4,3.33,5,2.29,0,93.3,0
1961,1,1,5,7,46,4,3,3,1,1,4,0,4,0,24.955,71,3.9,1.13,4,0,1,4,1,3,9,2,1.25,4,5,3,1,9,3,1,7,2,2,2,2,2,2,1,1,7,4,5,5,3,1,4,1,3.8,2.33,4.33,4.38,0,94.8,0
1968,0,1,3,8,40,5,4,1,1,1,5,0,4,1,22.004,71,2,1.35,4,0,3,3,1,1,9,1,1,3.4,3,2,1,1,1,1,5,1,2,2,2,2,2,1,1,8,1,4,5,1,2,4,1.25,3.9,1,2.33,2,0,91.6,0
1970,0,1,6,8,42,4,3,2,1,1,5,0,4,0,23.346,60,2.92,-0.16,4,0,1,3,1,1,6,1,1.5,3.3,4,2,1,2,2,1,3,3,2,2,2,2,2,1,1,7,4,5,5,5,2,4,1.25,3,1.33,3.67,2.92,0,92.5,0
1978,1,1,6,3,78,2,2,3,1,1,5,1,3.75,1,39.3285,71,4.17,0.51,4,0,1,3,2,2,9,1,1.25,3.1,5,6,1,2,2,1,0,3,2,2,2,2,2,2,2,10,4,5,4,6,1,3,1,2.8,1,5,3.75,0,91.3,0
1979,1,1,4,8,34,1,3,1,1,1,4,0,4,0,18.983,40,3,0.17,4,0,1,4,2,3,14,1,1.75,3.4,2,1,2,6,6,1,5,2,2,2,2,2,2,2,2,11,4,5,5,2,1,4,2,4,1.67,4.67,2.5,0,91.3,0
1984,0,1,3,8,37,5,4,3,1,1,5,0,4,0,20.678,62,2.3,-0.17,3.75,0,1,5,2,1,8,1,1,3.5,5,2,1,1,3,1,5,2,2,2,2,2,2,2,1,8,4,5,5,6,1,4,1,3.9,1,5,2.83,0,95.3,0
1987,0,1,4,7,23,4,4,3,1,1,5,0,4,0,14.282,57,1.92,1.88,4,0,1,3,2,2,13,2,1.25,3.7,5,3,1,2,2,1,3,3,1,2,2,2,2,2,1,11,3,5,5,2,1,4,1.75,3.6,2,3,2.36,0,92.8,0
1991,0,1,5,8,40,5,4,2,1,1,4,0,3,1,22.216,71,2.33,-0.49,4,0,1,5,2,2,9,2,2.75,2.8,4,1,2,2,2,1,6,2,2,2,2,2,2,2,2,8,3,4,5,2,1,4,1.75,3,2,4,2.76,0,91.3,0
2004,0,1,3,8,50,4,4,3,1,1,5,0,4,0,26.561,47,2.57,-1.66,4,0,3,2,1,2,11,2,1.25,3.4,4,1,1,2,2,3,2,1,2,2,2,2,2,1,2,7,4,4,4,1,1,4,1.75,2.9,2.33,1.67,2.57,0,92.7,0
2005,0,1,6,8,42,5,4,3,1,1,5,0,4,1,23.614,56,2.83,-0.31,3,0,5,2,2,2,6,2,1.25,3,4,5,1,1,1,5,2,3,2,2,2,2,2,2,2,5,4,4,5,2,2,3.5,1.5,3.4,2,4,2.83,0,92.9,0
2033,0,1,5,7,34,5,5,3,1,1,5,0,4,0,19.701,66,2.67,0.7,4,0,1,5,2,1,5,1,1.25,3.7,4,2,2,1,4,1,6,3,2,2,2,2,2,2,1,5,3,4,4,2,2,4,1.25,4,1.67,4.67,2.57,0,91.3,0
2040,0,1,6,8,78,1,1,3,1,1,5,0,4,0,39.491,62,2.33,-0.29,4,0,1,2,2,2,8,2,1.75,2.9,5,3,1,6,1,1,2,2,2,2,1,2,2,2,2,8,2,5,5,4,1,4,1,4,1.33,4.67,3.19,0,91.3,0
2042,0,1,1,8,38,5,4,3,1,1,5,0,4,0,20.741,62,1.75,-0.32,4,0,1,3,2,3,8,1,2.25,3.1,4,1,1,1,1,1,3,2,2,2,1,2,2,2,2,9,1,4,5,1,1,4,2.5,3,1.67,4.67,1.49,0,92.9,0
2048,0,1,5,7,42,4,3,2,1,1,5,0,3.75,0,23.0145,60,2.92,1.64,3.25,0,1,4,1,1,6,2,1.25,2.67,4,5,1,2,2,1,5,2,2,2,2,2,2,1,1,5,4,4,5,2,1,3.25,3,2.6,1.67,2.67,2.5,0,92.8,0
2051,0,1,4,8,42,5,4,3,1,1,5,0,4,0,23.171,64,1.83,0.31,4,0,3,2,1,1,4,2,1,3.4,4,2,1,3,3,3,2,1,1,1,1,2,2,1,1,8,4,5,5,6,1,4,1.5,3.8,1.33,2.67,1.83,0,92.5,0
2056,0,1,5,8,53,4,3,2,1,1,4,0,4,0,28.162,78,3.17,-0.2,3.5,0,5,1,2,1,10,2,1.25,3.7,4,4,1,2,2,5,2,3,2,2,2,2,2,2,1,10,4,5,5,3,1,4,1,3.8,1.33,4.33,3.17,0,92.5,0
2058,0,1,5,8,32,1,1,3,1,1,5,0,4,0,18.179,66,2.67,-0.16,4,0,1,3,2,3,12,1,1.5,3.4,4,4,1,3,3,1,3,1,2,2,2,2,2,2,2,6,3,4,4,6,1,4,1.5,3.6,2.67,5,2.57,0,92.8,0
2070,0,1,2,8,53,2,2,3,1,1,5,0,4,0,27.396,71,3.17,-0.67,4,0,1,3,2,3,9,2,1.75,3.7,5,5,1,6,6,1,4,2,2,2,2,2,2,2,2,8,4,5,5,2,1,3,2.25,3.9,2,3.67,2.02,0,90.2,0
2072,0,1,5,7,53,4,3,3,1,1,4,0,3.75,0,28.0775,19,2,-0.53,4,0,1,4,2,2,14,2,2,3.1,3,1,2,1,1,1,3,3,2,2,2,2,2,2,2,8,4,4,5,1,3,4,1.5,3.7,1.67,2.33,1.28,0,90.2,0
2076,0,1,6,8,40,4,4,3,1,1,4,0,4,0,22.53,71,3.67,0.68,4,0,5,3,2,1,9,1,2,3.6,5,2,1,2,2,5,4,3,2,1,2,2,2,2,1,9,3,5,4,2,1,4,1.25,3.2,1,4,3.4,0,91.3,0
2100,0,1,7,8,57,5,4,3,1,1,5,0,4,0,30.65,62,3.17,-0.13,4,0,1,2,2,1,8,1,1,3.8,5,2,1,1,1,1,2,3,2,2,2,2,2,2,1,8,4,5,5,4,1,4,1.25,4,2.33,5,3.17,0,92.8,0
2108,0,1,7,8,57,4,2,3,1,1,4,0,4,1,30.402,50,1.83,-0.42,4,0,1,3,2,1,12,2,1.75,3.4,5,2,1,1,1,1,3,2,2,2,2,2,2,2,1,8,3,4,5,2,1,4,1,3.9,1.67,4.67,2.43,0,91.6,0
2114,0,1,5,8,39,4,4,2,1,1,4,0,4,0,21.824,51,3,-1.1,4,0,1,4,2,1,4,2,1.25,3.7,5,2,1,5,1,1,4,1,2,2,2,2,2,2,1,4,4,4,4,2,1,4,1.25,3.8,1.67,3.67,3,0,90.2,0
2115,0,1,6,8,44,3,3,2,1,1,5,0,4,0,24.18,78,2.83,0.83,4,0,1,4,1,3,10,2,1,3.9,4,4,1,1,3,1,5,2,2,2,2,2,2,1,1,10,2,5,5,5,1,4,1.5,3.7,2,4.67,2.83,0,94.3,0
2116,0,1,3,8,53,4,4,3,1,1,5,0,4,0,27.938,78,2.83,0.83,4,0,1,9,2,1,5,1,1.5,3.7,4,1,3,1,1,1,7,2,2,2,2,2,2,2,1,5,2,5,5,2,2,4,1.25,3.9,2.33,4.67,2.83,0,94.3,0
2118,0,0,5,8,53,1,1,2,1,1,4,0,4,1,27.746,50,3.6,-0.11,4,0,1,4,2,3,8,1,2.75,3.5,5,5,1,6,6,1,4,2,2,2,1,1,2,2,2,6,4,5,5,2,1,4,1,3.5,2,4.33,3.51,0,91.3,0
2125,0,1,5,2,53,3,1,2,1,1,4,0,4,0,27.398,54,2.58,0.86,4,0,3,6,2,2,5,2,2.25,4,5,1,3,6,6,3,7,4,1,1,1,2,1,2,1,11,2,4,4,1,2,4,2,3.1,1.33,2,1.88,0,94.3,0
2131,0,1,6,8,53,5,3,1,1,1,5,0,4,0,28.43,52,3.33,0.95,4,0,5,3,2,2,10,2,1,3.9,5,6,1,2,2,5,4,3,2,2,2,2,2,2,2,10,2,5,5,3,1,4,1.5,3.9,1.33,3,3.33,0,94.3,0
2133,0,1,6,8,60,3,2,3,1,1,5,0,3.75,0,31.4355,65,3,0.17,4,0,1,4,2,2,12,2,1,4,5,3,1,2,2,1,3,1,2,2,2,2,2,2,2,8,2,5,5,2,1,4,1.25,3.7,1.67,4,3.54,0,91.3,0
2137,0,1,2,8,44,2,2,1,1,1,2,1,4,1,23.156,78,3.67,-1.43,4,0,8,2,2,1,10,1,2,2.9,5,4,1,2,2,5,1,4,2,2,2,2,2,2,1,6,4,4,5,3,1,4,1.75,3.4,1,3,3.19,0,91.3,0
2145,0,1,5,7,46,4,4,3,1,1,5,0,3,0,24.839,66,3.3,0.17,3,0,1,5,1,1,7,1,1,3.4,4,4,1,9,3,1,7,3,2,2,2,2,2,1,1,7,4,5,5,4,2,3,1,4,2,4,3.2,0,94.7,0
2147,0,1,6,8,50,3,3,2,1,1,5,0,4,0,26.934,64,4,0.4,4,0,1,4,2,3,10,2,1.5,3.8,5,4,1,2,2,1,4,2,2,2,2,2,2,2,1,10,3,5,5,6,1,4,1.25,4,1.67,2.67,4.4,0,94,0
2148,0,1,5,8,34,5,5,1,1,1,5,0,4,0,19.687,78,1.83,-0.26,4,0,1,4,2,1,10,1,1.75,3.9,4,2,1,1,1,1,4,1,2,2,2,2,2,2,1,10,1,5,5,6,1,4,2.75,3.5,1,3.33,2.92,0,92.1,0
2149,0,1,5,7,42,4,2,3,1,1,4,0,4,0,22.99,78,3.36,0.74,4,0,1,4,1,1,10,1,1,3.8,5,5,1,5,5,1,5,2,2,2,2,2,2,1,1,10,4,5,5,2,1,4,1.25,4,1.67,5,3.58,0,95.5,0
2151,0,0,3,8,18,3,3,1,1,1,5,0,4,0,11.568,71,1.1,-0.36,4,0,1,3,1,1,9,1,1.5,3.5,5,1,1,1,1,1,4,3,2,2,2,2,2,1,1,6,3,4,4,3,1,4,1.75,3.5,1.33,5,1.62,0,93.9,0
2153,0,1,2,8,31,3,1,2,1,1,4,1,4,0,17.257,53,2.8,-0.99,3.75,0,1,6,2,1,2,1,2.5,2.6,4,3,4,1,1,1,5,3,2,2,2,2,2,2,1,6,2,4,4,2,1,4,2,3.3,2.67,3,3,0,94.8,0
2160,0,1,4,7,42,4,2,2,1,1,4,0,4,0,22.743,54,3,-0.33,4,0,1,4,2,1,5,1,2,3.3,5,2,1,1,1,1,4,4,2,2,1,2,2,2,1,5,4,4,5,3,2,4,1.25,3.3,1.33,2,2.92,0,94.8,0
2162,0,1,6,8,50,4,2,1,1,1,5,0,4,0,26.881,78,3.6,1.24,4,0,1,5,2,1,10,1,1.5,3.5,5,2,1,4,5,1,6,2,2,2,1,2,2,2,1,7,4,4,5,6,1,4,1.5,3.6,1.67,2.33,3.5,0,96,0
2163,0,1,6,8,50,4,5,2,1,1,3,0,3.25,0,26.9755,78,4,0.5,4,0,1,4,2,2,10,1,1.25,3.1,5,4,1,1,1,1,4,1,2,2,2,2,2,2,1,7,4,5,5,4,1,4,1.75,3,1.33,5,4,0,94.7,0
2165,0,1,6,8,51,5,5,1,1,1,4,0,4,0,27.653,56,4,1.3,4,0,1,3,1,2,4,2,1,3.6,5,2,1,1,3,1,2,5,2,2,2,2,2,1,1,4,3,5,5,3,1,3.75,1.5,3.5,1.67,1.33,4.25,0,96,0
2166,0,1,6,7,23,3,2,2,1,1,4,0,4,0,14.334,45,3.8,0.74,4,0,1,7,2,1,11,1,2.5,3.1,5,5,2,9,1,1,6,3,2,2,1,2,2,2,1,10,3,4,5,3,2,4,1.5,3.8,1,3,3.3,0,96,0
2175,0,1,5,8,53,4,2,3,1,1,4,0,4,0,28.123,71,4,0.48,4,0,1,4,2,1,9,2,1.5,3.8,5,4,1,9,3,1,3,1,2,2,2,2,2,2,1,8,4,5,5,2,1,4,1,3.9,1.67,4,4.1,0,95.5,0
2203,0,1,6,8,60,5,4,3,1,1,4,0,4,1,31.841,78,3.25,0.24,4,0,5,2,2,3,10,1,1.25,3.6,5,2,1,2,2,5,1,3,2,2,1,2,2,2,2,10,2,5,5,6,1,4,1,4,1.33,5,2.71,0,88.9,0
2217,0,1,6,8,51,5,5,3,1,1,5,0,4,0,27.786,65,3.5,0.43,4,0,1,3,1,1,4,1,1,3.8,4,2,1,4,1,1,3,2,2,2,2,2,2,1,1,4,2,5,4,3,4,4,1.75,2.2,2,3.67,3.61,0,92.5,0
2220,0,1,5,8,42,4,4,3,1,1,4,0,4,1,23.297,78,2.75,0.81,4,0,5,2,2,1,10,2,2,3.9,5,2,1,2,2,5,2,2,1,1,2,2,2,2,1,10,3,5,5,3,1,4,1.25,3.9,1.33,4.67,3.06,0,91.3,0
2228,0,1,6,8,78,4,3,3,1,1,5,0,3.75,1,39.9165,62,2.67,0.33,4,0,1,4,1,1,6,2,1.75,3,4,1,2,2,2,1,4,3,2,2,2,2,2,1,1,8,3,4,4,1,2,4,1.75,3.3,1.67,2.33,2.67,0,90.2,0
2230,0,1,3,8,37,5,4,2,1,1,5,1,4,1,20.723,48,2.33,-0.12,3.75,0,1,4,1,1,12,1,1.5,3.8,3,3,2,2,2,1,4,2,2,2,2,2,2,1,1,8,4,4,5,2,1,4,1,3.9,2.33,4.67,2.64,0,91.3,0
2232,0,1,6,8,56,5,4,2,1,1,5,0,4,0,29.944,60,3.5,0.82,4,0,1,3,1,2,13,1,1.25,3.8,5,2,1,1,9,1,3,4,2,2,2,2,2,1,2,6,4,5,5,2,1,4,2,4,2,4,4.3,0,94.2,0
2241,0,1,7,7,42,4,1,3,1,1,5,0,4,0,23.333,48,4.25,0.82,4,0,1,4,1,1,10,2,1.25,4,5,6,1,2,2,1,4,2,2,2,2,2,2,1,1,9,4,5,5,6,1,4,1.5,4,2,4,4.17,0,91.6,0
2244,0,1,8,2,70,4,4,3,1,1,5,0,4,1,36.274,61,4,1.19,4,0,1,5,2,2,10,1,1.25,4,5,4,1,2,2,1,5,3,2,2,1,2,2,2,1,7,4,5,5,4,1,4,1.5,3.9,1.67,4,4.17,0,91.3,0
2262,0,1,7,8,67,5,4,3,1,1,5,0,4,1,35.287,64,1.71,1.08,4,0,1,6,2,3,9,1,1.75,3.3,5,2,1,2,2,1,6,2,2,2,2,2,2,2,2,9,3,5,5,1,1,4,2,3.1,3,3,1.71,0,91.3,0
2272,0,1,3,7,45,4,4,3,1,1,4,0,4,0,24.147,60,3.17,-0.23,4,0,5,2,2,2,6,1,1.25,3.8,4,3,1,3,1,1,3,2,2,2,2,2,2,2,1,10,4,4,4,3,1,4,1.75,3.8,1,2.67,3.17,0,92.8,0
2274,0,1,5,7,34,5,3,2,1,1,5,0,4,0,19.476,57,2.42,1.04,3.5,0,3,5,2,2,4,2,1,3.2,3,2,2,1,3,2,2,3,1,1,1,2,2,2,1,11,3,4,4,2,1,4,1.5,3.7,2,2,2.85,0,94.3,0
2279,0,1,2,8,53,4,4,3,1,1,4,0,4,1,27.752,65,2.5,-0.3,4,0,3,2,2,1,12,2,2,3.7,5,2,1,2,2,8,1,3,2,2,2,2,2,2,1,11,3,4,5,1,1,4,1.75,4,1,4,2.5,0,94.3,0
2284,0,1,3,8,34,3,2,3,1,1,5,1,3.5,1,18.952,71,2.6,-0.2,3.5,0,1,3,2,3,9,1,2,3,4,3,1,3,3,1,3,1,2,2,2,2,2,2,1,10,4,5,5,3,1,3.5,1.25,3.8,2,4.33,3.08,0,92.6,0
2287,0,1,3,8,28,4,3,2,1,1,5,0,4,1,16.373,48,2.5,-0.24,3.75,0,1,7,1,1,6,1,1.5,3.3,4,2,1,3,3,1,6,2,2,2,2,2,2,1,1,3,3,3,3,2,1,3.5,2.25,2.9,1.67,3.67,1.45,0,94.7,0
2289,0,1,2,8,38,4,4,3,1,1,5,1,4,1,20.949,62,1.75,-0.7,4,0,1,5,2,1,6,2,1.5,3.89,3,2,1,3,1,1,3,3,2,2,2,2,2,2,1,8,4,4,4,2,1,4,1.75,3.5,1.33,4,1.75,0,90.2,0
2295,0,0,3,8,32,3,3,3,1,1,3,0,4,0,18.022,60,2.25,-0.66,4,0,1,3,2,2,6,1,1.5,4,5,2,3,3,3,5,2,4,1,1,1,1,2,2,2,11,4,5,2,1,2,4,1.25,4,1.67,1,2.25,0,90.2,0
2297,0,1,3,7,35,4,3,1,1,1,4,0,4,0,19.371,57,0.83,1.6,4,0,1,3,2,1,12,1,2,2.8,5,2,2,1,1,1,3,2,2,2,1,1,2,2,1,3,4,3,3,1,3,4,3,2.8,1.33,1.33,1.51,0,94.3,0
2301,0,1,5,8,34,5,4,2,1,1,5,0,4,0,19.648,55,2.5,0.4,4,0,1,3,2,3,7,2,1.25,3.6,5,3,1,2,2,1,3,2,2,2,2,2,2,2,1,5,3,5,5,3,1,4,1.5,4,1.33,4.67,2.36,0,92.5,0
2308,0,1,3,8,53,5,3,2,1,1,5,0,4,1,27.932,78,1.2,0.18,4,0,3,4,2,1,10,2,1.75,4,5,1,1,2,2,3,4,1,2,2,2,2,2,2,1,9,4,4,5,1,2,4,1.25,3.8,1.33,3,1.2,0,92.5,0
2313,0,1,4,8,53,5,4,3,1,1,5,0,4,1,28.267,78,2.5,-0.84,4,0,1,3,2,1,10,2,1,3.4,5,2,1,2,2,1,3,3,2,2,2,2,2,2,1,5,4,5,5,3,1,4,1.25,3.8,1.33,3.67,2.5,0,90.2,0
2315,0,1,7,8,50,4,3,2,1,1,5,0,4,0,27.216,78,4.5,1.59,4,0,1,6,1,1,10,1,1,3.9,5,5,1,2,2,1,6,1,2,2,2,2,2,1,1,10,3,5,5,5,1,3.75,1.25,3.3,1.67,4.67,4.5,0,94.3,0
2320,0,1,3,8,53,5,5,3,1,1,5,0,3.75,1,28.1075,78,2.42,0.32,3.75,0,3,5,2,1,5,2,3,2.1,5,2,1,2,2,3,5,3,2,1,2,2,2,2,1,5,4,5,5,2,1,4,1.25,4,1.67,4.33,2.84,0,91.3,0
2325,0,1,2,8,29,4,3,2,1,1,5,0,4,1,16.634,45,1.5,-0.35,4,0,1,4,2,3,6,1,2.25,2.2,3,1,2,2,2,1,4,3,2,2,2,2,2,2,2,11,4,4,5,3,2,4,2,3.6,1.33,4.33,1.5,0,92.5,0
2337,0,1,4,8,42,4,2,3,1,1,5,0,4,0,22.911,78,2.75,-0.39,4,0,1,5,2,2,10,2,1,4,5,4,1,2,2,1,6,3,2,2,1,2,2,2,2,10,4,4,5,4,1,4,1.25,4,1.67,4.67,2.75,0,92.8,0
2341,0,1,5,7,42,3,2,2,1,1,4,0,4,0,22.857,55,3.5,0.54,4,0,1,3,1,1,7,2,1,3.9,5,1,1,2,2,1,3,2,2,2,2,2,2,1,1,7,3,5,5,6,1,4,1.75,3.9,1.33,4.33,3.4,0,91.3,0
2353,0,1,3,8,53,3,1,3,1,1,5,0,4,0,27.59,78,1.58,0.64,4,0,5,2,2,1,10,2,2.25,3.6,5,1,2,5,3,5,2,2,2,1,2,2,2,2,1,10,1,5,5,2,1,4,1.75,3.7,1,5,1.3,0,92.5,0
2360,0,1,6,8,34,2,2,3,1,1,5,0,4,1,19.514,66,2.92,0.05,4,0,1,6,2,3,5,2,2.5,3.6,5,3,1,2,2,1,4,4,2,2,1,2,2,2,2,11,2,4,5,3,1,4,2.5,3.3,1,4.67,2.29,0,92.5,0
2361,0,1,3,3,34,4,5,3,1,1,5,1,4,1,18.979,78,2.5,0.15,4,0,2,4,2,1,12,2,1.5,3.6,4,2,1,2,2,5,3,3,2,2,1,2,2,2,1,8,4,4,5,1,2,4,1.75,3.8,1.33,1.33,2.5,0,92.5,0
2362,0,1,8,8,62,5,5,3,1,1,4,0,4,1,33.243,62,4,0.03,4,0,1,4,2,3,8,2,1.25,3.9,5,2,1,1,1,5,1,3,1,2,1,2,2,2,2,11,4,5,5,4,1,4,1.25,4,2.33,4.67,3.13,0,90.2,0
2363,0,1,6,8,34,2,2,2,1,1,5,1,4,1,19.512,48,2.92,0.16,4,0,1,4,1,1,10,2,1.25,4,5,4,1,2,2,1,4,3,2,2,2,2,2,1,1,6,3,5,5,1,1,4,1,3.8,2.67,4.67,2.78,0,91.3,0
2368,0,1,7,8,58,5,2,3,1,1,5,0,4,0,30.933,62,3.33,-0.53,4,0,3,4,1,1,6,1,3,2.1,5,2,1,2,6,5,3,4,2,2,2,2,2,1,1,11,4,5,5,6,1,4,1.25,3.3,1.33,3.33,4.24,0,92.7,0
2369,0,1,8,2,78,5,4,3,1,1,4,0,4,0,39.948,65,2.92,-0.55,4,0,5,1,2,1,12,2,2.75,2.6,5,2,1,2,2,5,1,4,2,2,1,2,2,2,1,8,3,5,5,1,4,4,3.25,2.8,2,2,2.92,0,90.2,0
2376,0,0,3,8,21,1,4,2,1,1,5,0,3.25,1,12.8125,61,1.17,0.79,3.5,0,3,4,1,3,10,1,1.75,3.2,4,1,3,2,1,10,3,3,2,1,2,1,2,1,2,5,3,4,4,1,1,3.5,1.75,3.3,1.33,2.67,1.17,0,92.5,0
2378,0,1,4,8,42,4,3,2,1,1,4,1,3.75,1,22.9595,64,3.58,-0.21,3.75,0,1,5,2,2,8,2,1.5,3.1,3,2,1,1,3,1,4,3,1,2,1,2,2,2,2,8,3,4,5,2,1,4,1.5,3.2,2.33,3,3.58,0,90.2,0
2383,0,1,6,8,67,4,3,2,1,1,4,0,4,0,34.786,62,3.67,-0.04,4,0,1,2,1,1,8,1,1,3.4,4,2,4,1,1,1,3,3,2,2,2,2,2,1,1,5,3,4,5,1,2,4,1.75,3.6,1.67,2.67,3.67,0,92.8,0
2387,0,1,5,7,42,4,4,2,1,1,5,1,3,1,23.048,66,2.25,1.3,4,0,1,3,1,1,7,2,1.5,3.1,4,3,1,2,2,1,3,2,2,2,2,2,2,1,1,7,4,4,5,3,2,3.75,1.25,3.1,2,3.67,1.94,0,91.6,0
2391,0,1,3,8,53,2,2,1,1,1,5,0,3.75,1,27.4935,78,2.5,0.31,4,0,1,3,1,3,10,1,1.75,3.4,5,2,2,2,2,1,3,2,2,2,1,1,2,1,2,10,4,5,5,1,4,4,2,4,1,2,2.5,0,92.5,0
2392,0,1,5,8,34,4,1,3,1,1,5,0,3.75,0,19.2995,78,3.08,-0.41,4,0,5,9,2,1,12,1,1.25,3.9,4,2,1,1,1,5,5,4,2,2,1,2,2,2,1,10,4,4,5,4,1,4,1.25,4,1.67,4.67,2.79,0,93.2,0
2395,0,1,3,8,57,3,2,2,1,1,5,0,4,0,29.465,57,2.1,-0.31,4,0,3,4,2,1,13,1,2.25,4,4,3,2,3,9,5,3,4,1,2,2,2,2,2,1,14,1,4,5,2,2,4,2.5,2.8,2,2.67,2.17,0,94,0
2402,0,1,6,8,38,2,2,2,1,1,4,0,1,1,20.672,56,1.83,-1.35,4,0,1,3,2,1,6,2,1.75,3.4,5,3,2,1,3,1,3,2,2,2,2,1,2,2,1,6,3,5,5,3,1,4,2,4,1,5,1.83,0,90.2,0
2406,0,1,3,8,33,3,3,2,1,1,5,0,4,0,18.537,48,1.58,-0.83,3.5,0,5,2,1,1,9,2,1,3.7,4,1,1,1,1,5,2,2,2,2,2,2,2,1,1,9,4,4,5,3,1,4,1,3.6,2,2,1.58,0,90.2,0
2410,0,1,5,8,42,4,3,1,1,1,5,0,4,1,23.146,56,1.58,-0.06,4,0,1,3,2,3,13,1,1.5,3.8,4,2,1,7,7,5,2,3,1,1,2,2,2,2,1,9,2,4,4,2,1,4,1,3.9,2,3.67,1.75,0,88.9,0
2411,0,1,4,7,23,3,2,2,1,1,5,0,4,0,13.973,71,3.08,-0.24,4,0,3,2,2,1,9,2,1.5,3.6,5,2,1,2,2,5,1,2,2,2,2,2,2,2,1,9,4,5,5,2,1,4,1.75,3.8,1.67,4.67,2.43,0,92.5,0
2416,0,1,2,8,39,5,4,3,1,1,3,0,4,0,21.328,48,2.25,0.35,4,0,1,4,1,1,14,2,1.25,3.6,4,2,1,2,2,1,4,2,2,2,2,2,2,1,1,8,2,4,4,1,3,3.5,2.5,2.7,2.33,4,1.94,0,91.3,0
2420,0,1,6,8,37,4,4,3,1,1,4,0,4,0,21.153,62,4,1.16,4,0,3,3,2,2,8,2,2.75,2.3,5,2,1,4,1,3,3,4,2,2,2,2,2,2,2,8,4,5,5,3,1,4,1.75,4,2,3,2.64,0,91.3,0
2433,0,0,5,8,53,5,4,3,1,1,4,0,4,0,28.348,67,2.07,1.1,4,0,5,7,1,1,9,2,1.5,3,5,2,2,1,1,5,4,1,2,2,2,2,2,1,1,9,2,5,5,2,3,4,2.25,1.9,1.33,1.33,2.07,0,90.2,0
2436,0,1,5,8,52,4,4,2,1,1,5,0,4,0,27.826,57,2.67,-0.75,4,0,4,2,2,3,13,2,3.25,3.2,4,5,1,2,1,4,4,1,2,1,2,2,2,2,2,11,4,4,5,3,1,4,1.25,4,2.33,4.67,2.24,0,91.3,0
2447,0,1,3,7,58,5,3,2,1,1,4,0,4,0,30.061,57,2.5,-0.34,4,0,5,6,2,1,13,2,1.75,3.1,3,2,1,1,1,10,6,4,1,1,2,2,2,2,1,10,3,4,5,1,2,4,1.75,2.9,1.33,2.67,1.39,0,90.2,0
2453,0,1,7,7,72,5,4,3,1,1,5,0,4,0,37.451,57,3.33,1.15,4,0,5,2,2,1,8,1,1,4,3,2,1,2,2,5,2,2,2,2,2,2,2,2,1,9,1,5,4,6,1,4,1.5,4,1,4,3.33,0,90.2,0
2455,0,1,6,8,60,3,3,2,1,1,4,0,4,1,31.536,71,4.17,-0.55,3.75,0,1,3,1,3,9,1,2,3.6,2,4,1,2,2,1,3,4,2,2,2,2,2,1,2,11,3,5,5,4,2,3.75,1.25,4,1,3.67,4.17,0,92.5,0
2460,0,1,2,8,28,4,4,2,1,1,3,1,3.75,1,16.1905,62,2.17,0.05,4,0,1,5,2,3,8,1,1.5,2.7,3,1,1,1,1,1,5,2,2,2,1,2,2,2,2,5,1,4,4,1,2,4,1.67,3.8,2.67,3,1.39,0,91.3,0
2470,0,1,8,2,78,4,1,2,1,1,5,0,4,0,39.586,78,3.57,0.08,4,0,1,9,1,2,10,2,1.5,3.8,5,3,1,2,2,1,11,4,2,2,1,2,2,1,2,10,3,5,5,6,2,4,1,3.9,1.33,3.67,3.57,0,92.5,0
2479,0,1,5,7,16,4,3,2,1,1,2,0,4,0,11.025,65,3.5,0.14,4,0,1,6,2,2,12,1,3,2.4,3,4,1,9,3,1,3,5,2,2,1,2,2,2,1,4,2,4,4,4,1,4,3.25,1.7,2.33,3,3.8,0,94.8,0
2485,0,1,6,7,42,3,2,2,1,1,5,0,4,1,23.137,78,2.17,-0.03,4,0,1,3,2,2,10,1,1.25,3.8,5,5,1,1,3,1,3,3,2,2,2,2,2,2,2,5,2,4,5,3,1,4,1.75,3.3,1.67,4.67,2.05,0,91.3,0
2487,0,1,5,8,48,4,3,3,1,1,4,0,4,0,25.916,78,3,0.61,4,0,1,3,2,3,10,1,1.75,3.6,5,3,1,2,2,1,3,4,2,2,1,2,2,2,2,8,3,5,5,3,1,4,2,3.2,1.67,2.67,2.92,0,92.5,0
2491,0,1,2,8,42,3,1,3,1,1,5,0,4,0,22.343,55,2.67,-0.02,3.5,0,5,3,1,1,7,1,1.25,3,4,2,1,2,2,5,3,3,1,2,2,2,2,1,1,7,4,5,5,3,1,4,1.25,3.1,2.67,2.33,2.01,0,92.5,0
2507,0,1,2,8,37,1,4,3,1,1,5,1,3.25,1,20.0895,71,2.8,-1.41,3,0,1,6,2,3,9,1,2.25,3.1,2,2,1,1,1,5,5,1,1,2,2,2,2,2,2,10,2,2,4,5,1,3,1.5,3.3,2,4.67,1.86,0,92.1,0
2530,1,1,7,8,57,5,4,2,1,1,5,0,4,0,30.642,78,3.33,0.59,4,0,1,3,2,1,14,1,2.75,2.5,5,2,1,1,1,1,3,3,2,2,2,2,2,2,1,8,2,4,5,2,1,4,2.5,4,1.33,4,2.38,0,91.3,0
2539,1,1,5,7,38,4,4,3,1,1,5,1,4,1,21.5,71,2.67,-0.46,4,0,1,3,2,2,9,1,1.5,4,5,5,1,2,2,1,3,2,2,2,2,2,2,2,2,6,2,5,5,6,1,4,1.25,4,1.67,4.33,2.67,0,88.9,0
2542,1,1,3,8,26,5,4,3,1,1,5,0,4,0,15.67,51,1.25,-0.12,4,0,1,3,2,1,4,1,1.75,3.4,4,3,2,1,1,1,3,4,2,2,1,2,2,2,1,9,4,5,3,1,1,4,1,3.9,1.33,1.67,1.25,0,92.5,0
2546,1,1,5,7,52,4,4,3,1,1,4,0,4,1,27.844,78,2.67,-0.78,4,0,1,5,2,3,10,1,1,3.3,4,2,1,1,2,1,4,2,2,2,2,2,2,2,1,10,4,5,5,3,1,3.75,1,4,1.67,5,1.79,0,91.3,0
2549,1,1,5,8,52,1,1,3,1,1,5,0,4,0,27.4,55,3.5,-0.32,4,0,1,3,1,1,6,1,1.75,4,5,3,1,5,5,1,3,2,2,2,1,2,2,1,1,9,4,5,5,1,2,4,1,4,1.67,4.67,3.5,0,90.2,0
2551,1,1,5,7,52,5,5,3,1,1,4,0,4,0,27.969,54,1.5,-0.17,4,0,1,6,2,1,5,1,1,3.6,5,1,2,9,9,1,7,3,2,2,2,1,2,2,1,11,4,5,5,1,1,4,1,4,1.33,4.67,1.71,0,90.2,0
2554,1,1,4,7,57,1,3,3,1,1,3,0,4,0,29.519,64,2.15,-0.42,3,0,1,4,2,2,14,2,1,3.4,4,1,2,2,1,1,4,4,2,2,1,2,2,2,2,8,4,4,5,1,2,3,1.75,3.8,1.33,4,2.15,0,88.9,0
2571,1,1,6,8,34,4,3,2,1,1,4,0,4,0,19.68,48,2.56,-0.23,3.75,0,1,7,1,2,14,2,1,3.2,3,2,1,1,1,1,4,3,2,2,2,2,2,1,2,6,3,4,5,3,1,4,1.5,2.9,2,3.33,2.56,1,88.9,0
2575,1,1,6,7,42,4,4,2,1,1,4,0,3.25,0,23.2075,57,3.67,0.31,4,0,5,3,2,1,13,2,1.25,3.5,4,2,1,2,2,5,3,2,2,1,2,2,2,2,1,8,2,4,4,2,2,4,1.25,3.2,2,4.33,3.67,0,94.3,0
2583,1,1,3,8,34,4,3,2,1,1,5,0,4,1,19.168,71,2.42,0.57,4,0,5,1,1,1,10,1,1.5,4,5,2,1,2,2,5,2,4,2,2,1,2,2,1,1,7,4,5,4,2,2,4,1,3.8,1,2.33,2.42,0,92.5,0
2586,1,1,6,8,52,3,2,2,1,1,4,0,3.75,0,27.7205,71,2.5,0.56,4,0,1,6,2,1,10,2,2,3.9,5,3,1,2,2,1,5,2,2,2,1,2,2,2,1,9,4,5,5,6,1,4,1,4,2.33,5,2.26,0,91.6,0
2589,1,1,5,8,51,4,3,2,1,1,5,0,4,0,27.32,48,1.67,-0.47,4,0,1,4,1,2,11,2,1,4,5,2,1,2,2,1,7,3,2,2,2,2,2,1,2,11,4,5,5,1,2,4,1.75,3.9,1,4.33,1.67,0,90.2,0
2590,1,1,3,8,34,4,4,2,1,1,5,0,4,1,19.256,62,2.42,-0.22,2.25,0,1,6,2,4,4,1,1.5,2.7,4,2,1,1,1,1,4,2,2,2,2,2,2,2,2,14,2,5,5,2,1,3.25,1.75,3.7,2,4.67,2,0,93.9,0
2595,1,1,4,8,53,5,4,3,1,1,5,1,4,1,28.355,71,1.67,0.3,4,0,5,2,2,1,9,1,1.75,2.9,5,1,2,2,2,3,3,1,2,1,2,2,2,2,1,8,1,5,4,1,2,4,1.75,3.8,2.33,5,2.29,0,92.5,0
2599,1,0,3,8,27,1,4,3,1,1,4,0,3.75,0,15.6735,78,2.92,-0.78,3,0,1,6,2,4,10,2,1,3.1,5,6,1,1,1,1,3,3,2,2,1,2,2,2,2,10,2,4,4,6,1,3,1.25,3.7,1,3.33,3,0,93,0
2600,1,1,6,8,56,4,4,3,1,1,5,0,4,0,29.95,78,4,0.53,4,0,1,3,2,1,10,1,1.5,3.6,5,4,1,9,3,1,3,2,2,2,2,2,2,2,1,10,4,5,5,6,1,4,1.25,3.6,1.33,4.67,4,0,94.8,0
2610,1,1,4,8,53,5,4,3,1,1,5,0,4,1,28.308,78,2,-0.24,4,0,1,3,2,1,12,1,1.5,3.3,4,1,1,3,2,10,4,4,1,2,2,2,2,2,1,6,2,3,3,5,2,4,3,1.8,1.67,1.67,2,0,92.8,0
2611,1,1,3,8,53,4,4,3,1,1,5,0,4,0,27.979,48,2.17,0.78,4,0,1,5,1,1,13,2,1,3.9,4,3,1,2,9,1,5,3,2,2,2,2,2,1,1,7,4,4,5,3,1,4,1,4,1.67,4.33,1.6,0,91.3,0
2613,1,1,7,8,60,5,4,2,1,1,3,0,4,0,31.949,50,3.29,-1.17,4,0,1,3,2,1,10,2,1.25,3.9,5,3,1,1,3,1,3,3,2,2,2,2,2,2,1,10,3,4,5,3,1,4,1.5,3.5,2,5,3,0,92.1,0
2614,1,1,1,8,40,5,5,3,1,1,5,0,4,1,21.835,52,1.67,-0.07,4,0,3,3,1,2,11,2,1,3.8,2,2,1,2,2,1,3,1,2,2,2,2,2,1,2,11,2,2,1,1,3,4,1,4,2.67,5,0.77,0,91.6,0
2616,1,1,2,8,42,4,3,3,1,1,3,0,4,0,22.574,57,0.92,-0.51,4,0,1,4,2,2,13,1,3,2.5,3,1,1,2,2,1,3,5,2,2,1,2,2,2,1,8,2,3,5,2,1,3.5,2.5,2.8,1.33,3.67,0.92,0,91.3,0
2620,1,1,5,8,39,2,2,3,1,1,3,0,4,0,21.535,78,2.75,-0.66,4,0,3,4,2,3,10,2,1.75,3,4,3,1,2,1,3,4,4,2,2,1,2,2,2,2,10,3,4,4,4,1,4,2,3.2,1,3.33,3.4,1,90.2,0
2623,1,1,6,8,42,3,2,3,1,1,4,0,4,0,23.229,62,3.5,0.88,4,0,1,4,2,1,8,1,2.25,2.6,4,6,1,2,2,1,4,3,2,2,2,2,2,2,1,8,3,4,5,6,1,4,2,2.7,2,4.67,3.5,0,92.5,0
2626,1,1,2,8,53,3,2,2,1,1,4,0,4,0,27.437,78,1.5,-0.86,4,0,1,4,2,1,10,2,1.75,2.4,5,1,4,1,2,1,4,1,2,2,2,2,2,2,1,10,2,3,5,2,2,4,2.75,3.3,2,4.67,0.52,0,88.3,0
2628,1,1,4,8,51,1,1,3,1,1,5,0,4,0,26.743,56,2.33,0.49,4,0,1,4,2,1,6,1,3,3.6,3,2,1,4,4,1,3,2,2,2,2,2,2,2,1,6,3,5,5,4,2,4,1.5,3.9,1,5,1.81,0,92.5,0
2630,1,0,4,8,31,5,3,2,1,1,4,1,4,0,18.003,78,3.33,0.25,4,0,3,3,2,1,10,2,1.5,4,4,4,1,7,1,5,3,2,2,2,2,2,1,2,1,11,2,5,5,2,1,4,2,3.1,1.67,3,1.86,0,91.6,0
2631,1,1,6,6,34,1,2,3,1,1,4,0,3,0,19.023,65,3.33,-0.29,4,0,1,2,1,2,7,1,1.5,3.2,5,3,1,2,2,5,1,5,1,2,2,1,1,1,1,7,1,5,5,6,2,3.25,4,1.3,1,4.33,3.33,0,90.2,0
2632,1,1,3,8,53,5,4,2,1,1,4,1,4,1,28.073,50,2.67,-0.76,3,0,1,3,2,2,10,2,1.75,3,4,2,1,5,5,1,4,4,2,2,1,1,2,2,2,4,3,4,5,1,1,4,2,3.8,1.33,2,2.67,0,90.2,0
2638,1,1,3,8,48,4,4,3,1,1,3,0,4,0,25.614,78,2.58,-0.38,4,0,1,3,2,1,10,2,2.5,4,5,4,2,2,2,1,2,2,2,2,2,2,2,2,1,10,2,5,5,4,2,4,2,2.9,2.33,4.67,1.32,0,90.2,0
2643,1,1,2,8,43,3,2,3,1,1,4,0,4,0,22.896,62,1.92,-0.17,3,0,1,4,1,2,8,2,1,3,5,2,1,2,2,1,3,1,2,2,2,2,2,1,1,8,3,5,5,1,1,4,1.25,4,1.67,4.67,1.94,0,88.9,0
2644,1,1,6,8,42,5,5,2,1,1,5,0,4,0,23.647,71,3.17,0.85,4,0,1,4,2,3,9,1,1.25,3.9,5,2,1,2,2,1,4,2,2,2,1,2,2,2,1,6,3,4,4,2,2,4,1.25,3.8,1.33,4,3.26,0,94.3,0
2652,1,1,5,8,42,3,3,1,1,1,5,0,3.5,0,22.957,48,1.92,1.35,3.75,0,1,4,2,1,14,2,1.75,3.2,4,2,2,3,3,1,3,1,2,2,2,2,2,2,1,11,4,5,4,5,2,3.5,1.5,2.6,2,3.67,1.92,1,92.9,0
2655,1,1,3,8,49,4,3,3,1,1,4,0,4,0,26.02,56,3.25,0.45,3.5,0,1,2,2,2,14,2,1.25,3.9,4,2,1,1,3,1,3,4,2,2,2,2,2,2,1,10,4,4,5,2,2,3.5,1.25,4,2,3.67,2.64,0,92.9,0
2658,1,1,4,8,49,5,3,3,1,1,4,1,4,1,26.396,78,3.33,-0.43,4,0,1,3,2,3,10,1,2.25,3,5,3,1,4,4,1,3,2,2,2,2,2,2,2,2,6,1,4,4,6,1,4,1.5,3.8,2,5,3.33,0,88.9,0
2662,1,1,5,7,42,3,2,3,1,1,5,0,4,0,22.982,64,1.92,-0.04,4,0,1,4,2,3,6,2,1.25,3.3,5,2,1,1,3,1,4,2,2,2,2,2,2,2,2,4,2,5,5,3,1,4,1.5,3.4,1.67,4,1.92,0,92.5,0
2664,1,1,6,8,57,4,2,3,1,1,5,0,4,0,30.233,62,3.17,1.58,4,0,1,4,2,1,9,1,2,3.9,5,3,1,2,2,1,4,5,2,2,1,2,2,2,1,6,3,5,5,2,1,4,1.75,3.4,2.67,4.33,1.86,0,92.9,0
2669,1,1,3,8,50,5,4,3,1,1,5,1,4,1,26.78,71,0.92,0.5,4,0,1,5,1,1,9,1,1.5,3.3,4,1,4,1,2,1,5,4,2,2,1,2,2,1,1,11,3,3,5,1,3,4,1.5,3.6,1.67,4,0.92,0,88.9,0
2670,1,1,5,8,50,5,3,3,1,1,5,0,4,1,27.041,78,2.83,-0.49,4,0,1,2,2,3,10,2,1,3.9,5,2,1,2,2,1,2,1,2,2,2,2,2,2,2,10,3,5,5,4,1,4,1,4,2,5,2.83,0,90.2,0
2672,1,1,4,8,42,3,4,3,1,1,5,0,4,0,23.044,62,3.33,-0.11,4,0,1,3,2,1,8,2,1.25,3.8,5,3,1,2,2,1,3,4,2,2,2,2,2,2,1,8,4,5,5,3,1,4,1.25,3.9,1.33,4.67,3.33,0,90.2,0
2679,1,1,6,7,42,4,2,3,1,1,5,0,4,0,23.264,62,3,-0.2,4,0,6,3,2,2,6,1,2.25,4,5,2,1,2,2,5,3,2,2,2,2,2,2,2,1,6,2,5,5,2,1,3.25,1.75,3.7,1.33,4,2.57,0,92.5,0
2685,1,1,2,8,34,4,2,2,1,1,5,0,4,0,18.835,62,2.42,-0.16,3.5,0,1,3,2,1,8,2,2.5,3.1,3,1,1,1,1,1,2,5,2,2,1,2,2,2,1,8,2,3,3,1,1,3.5,1.75,1.9,2,3.33,2.08,0,91.6,0
2688,1,1,4,8,51,5,4,1,1,1,5,0,4,0,27.245,60,2,0.32,4,0,1,3,1,2,6,1,1.75,3.9,4,1,1,2,2,1,3,2,2,2,2,2,2,1,1,6,3,4,4,1,2,4,1.5,4,1.67,4,1.53,0,91.3,0
2693,1,1,5,7,78,1,4,3,1,1,4,0,4,0,39.479,78,2.83,0.65,4,0,1,3,1,1,10,1,1.25,3.4,5,1,1,2,2,1,3,2,2,2,1,2,2,1,1,6,2,4,5,1,2,4,1,3.7,2,3.67,2.33,0,94.3,0
2705,1,1,5,8,60,5,5,3,1,1,5,0,4,0,31.76,78,3,0.39,4,0,1,3,2,1,9,1,1.75,3.6,5,2,1,1,1,5,2,2,1,2,1,2,2,2,1,11,4,5,4,6,1,4,1,4,1.33,3.33,3.27,0,92.5,0
2716,1,1,3,7,23,4,3,1,1,1,4,0,3.75,1,13.9015,44,2.75,0.26,4,0,1,3,1,1,4,1,1,3,4,2,1,3,1,1,3,2,2,2,2,1,2,1,1,6,2,4,5,2,2,3.75,1.5,4,2,3,2.75,0,88.9,0
2717,1,1,2,8,48,5,4,1,1,1,4,0,3.5,0,25.338,71,2.33,-0.37,4,0,3,4,1,1,9,1,1,4,5,2,1,2,2,3,4,3,2,2,2,2,2,1,1,11,4,4,5,6,1,3.5,1,3.5,1.33,4.33,2.08,0,92.5,0
2718,1,1,2,8,38,4,4,3,1,1,3,1,3,1,20.722,78,2.4,-0.5,3.5,0,1,9,2,1,10,2,1.75,3.6,4,2,4,1,1,1,8,3,2,2,1,2,2,2,1,10,4,4,5,1,1,3,2,3.5,1,1.33,3.08,0,94.7,0
2724,1,1,3,8,53,4,4,3,1,1,4,0,4,0,27.944,48,2.5,0.09,4,0,1,3,1,1,14,2,1,3.3,4,2,1,9,9,1,3,3,2,2,1,2,2,1,1,11,4,4,4,1,2,4,1.25,3.2,1.33,3.67,1.57,0,91.3,0
2729,1,1,8,8,57,5,5,3,1,1,4,0,4,0,30.942,78,4,-0.63,4,0,1,3,2,3,10,2,1.5,3.5,5,6,1,2,2,1,3,1,2,2,1,2,2,2,2,11,3,5,5,5,1,4,1,3.8,2.33,5,3.68,0,90.2,0
2732,1,1,8,8,57,5,2,3,1,1,5,0,4,1,30.76,60,2.5,-0.48,4,0,1,3,2,1,6,1,1.5,3,5,1,1,2,2,1,3,2,2,2,2,2,2,2,1,10,4,5,5,2,2,4,1.25,3.6,1.33,4.67,2.5,0,92.5,0
2734,1,1,5,7,20,4,4,3,1,1,4,0,4,1,13.156,55,2.67,1.46,4,0,1,3,1,2,7,2,2,3.7,5,2,4,2,2,1,3,2,2,2,2,1,2,1,1,10,1,4,5,2,1,4,1.5,3.2,1.67,4,2.92,0,90.2,0
2753,1,1,5,7,30,4,5,3,1,1,3,0,4,1,17.799,71,2.83,0.35,4,0,1,3,2,1,10,2,2.5,3.1,5,2,2,2,2,5,3,1,1,2,1,1,2,2,1,10,3,5,5,1,1,4,2.25,3,1.67,4,2.43,0,91.3,0
2757,1,1,7,8,57,4,2,3,1,1,5,0,4,0,30.431,62,3.14,0.08,4,0,1,4,2,1,8,2,1.5,3.7,5,4,1,2,2,1,6,4,2,2,2,2,2,2,1,8,4,4,5,1,1,4,1.75,2.9,2.33,3,3.14,0,92.5,0
2767,1,1,6,8,57,4,4,2,1,1,4,0,4,1,30.372,66,2.67,0.1,4,0,1,4,2,1,10,1,1.5,3.8,5,4,1,2,2,1,4,1,2,2,2,2,2,2,1,6,3,5,4,6,1,4,1,3.8,1.33,2.67,3.47,0,88.5,0
2768,1,1,7,7,58,5,5,3,1,1,4,0,4,1,31.166,78,3.67,-0.09,4,0,1,4,2,1,10,1,2,3.9,5,2,1,2,2,1,4,1,2,2,1,2,2,2,1,10,3,5,4,3,1,4,1.5,3.5,1.67,5,2.64,0,91.3,0
2781,1,1,6,7,50,4,4,3,1,1,5,0,4,0,27.112,71,3.8,0.75,4,0,1,3,1,1,9,1,1.75,4,5,2,1,1,3,1,3,3,2,2,2,2,2,1,1,10,1,5,5,4,1,4,1.75,3.2,2.67,4,3.83,0,94.8,0
2782,0,1,2,8,42,3,3,3,1,1,5,0,4,0,22.519,72,1.67,0.37,4,0,1,6,1,1,7,1,1.25,3.4,4,2,2,9,3,1,4,2,2,2,2,2,2,1,1,7,2,4,4,3,1,4,1.5,3.5,2,4.67,1.33,0,94.8,0
2784,0,1,2,8,32,4,4,3,0,1,5,0,3.75,1,17.6395,58,2.18,0.56,3.75,0,1,3,1,1,4,2,1.25,3.7,4,3,2,9,3,1,3,3,2,2,2,2,2,1,1,6,4,5,5,4,1,4,1,3.5,1.67,2,1.43,0,94.8,0
2786,0,1,6,8,55,3,3,2,1,1,2,0,4,1,29.171,54,3.09,0.58,4,0,1,3,2,2,5,1,3.75,2.9,5,5,1,9,3,1,3,1,2,2,2,1,2,2,1,6,2,5,5,5,1,4,1.5,3.3,2,3.67,3.5,0,96,0
2788,0,1,9,7,49,4,4,2,1,0,4,0,4,0,27.073,78,3.45,0.71,2.5,0,1,3,2,4,10,2,1.75,2.7,4,3,1,2,3,1,2,3,2,2,1,2,2,2,2,10,3,5,5,2,1,3.5,1.25,3.4,1,2,3.46,0,96,0
2789,1,1,6,8,34,4,4,3,1,0,4,0,4,0,19.768,65,4,-0.31,4,0,1,3,1,2,12,1,1.25,3.3,5,2,1,1,1,1,3,2,2,2,2,2,2,1,2,9,2,5,5,6,1,4,2,3.9,1,4.33,4.38,0,96,0
2795,0,0,6,8,57,4,2,1,1,1,4,0,4,0,30.024,72,4,-0.99,4,0,1,3,2,2,7,2,1,4,4,2,1,1,1,1,4,2,2,2,2,2,2,2,1,6,4,4,4,2,1,4,1.75,4,1.67,2,4.4,0,93,0
2797,0,1,2,8,20,5,3,2,1,1,4,0,3.5,0,12.406,32,3.9,-0.55,3,0,3,5,1,2,3,2,1.5,2.7,2,1,1,1,1,3,3,3,2,2,2,2,1,1,2,7,3,3,5,2,1,3,1.5,3.2,3,4.33,4.23,0,95.5,0
2800,0,1,2,8,45,3,3,3,1,1,3,0,3,0,23.628,72,2.2,-0.86,3.75,0,1,6,1,2,7,1,1.5,3.9,4,4,1,1,1,1,3,2,2,2,2,2,2,1,1,7,4,3,5,3,1,3.5,1.25,3.9,2.33,3,1.7,0,93.3,0
2802,0,1,6,8,68,5,4,3,1,1,4,0,4,0,35.466,78,3.9,-0.41,4,0,3,4,2,2,10,1,3,3.5,5,6,1,2,3,3,2,2,2,1,1,2,2,2,2,10,4,5,5,2,1,4,1.75,3.7,1.67,2.67,4.08,0,93.3,0
2804,0,0,3,8,42,4,4,3,1,1,5,0,4,0,22.854,56,2.8,-0.07,4,0,1,7,1,2,4,1,1.75,2.8,5,2,1,2,2,1,4,4,2,2,1,1,2,1,1,8,4,5,5,1,1,4,2.25,2.4,3,3,2.08,0,96,0
2805,0,1,2,7,20,3,3,3,1,1,2,0,4,0,12.232,43,2.3,0.06,3,0,1,9,1,2,10,1,1.75,2.6,2,4,1,2,2,1,7,2,2,1,2,2,2,1,1,7,2,4,4,4,1,3,1.5,3.2,2,2.33,0.71,0,93.9,0
2807,0,1,4,8,49,1,1,3,1,1,4,0,4,1,25.796,62,3.08,-0.86,4,0,1,4,2,2,6,1,1,3,4,2,1,4,1,1,4,2,2,2,2,2,2,2,2,10,3,5,5,2,1,4,1.25,3.4,1.67,2,4.42,0,90.2,0
2814,0,1,2,8,62,4,4,3,1,1,3,0,3,0,31.603,54,3.3,0.25,3,0,1,8,2,3,5,1,3.25,2.4,4,3,1,2,2,1,8,2,2,2,2,2,2,2,2,5,2,4,5,2,1,3,2,3.3,1.67,3.33,3.5,0,92.6,0
2822,0,1,2,8,38,4,4,3,1,1,4,1,3,1,20.716,54,2.18,-0.04,3.75,0,1,5,2,2,5,2,1,3.8,3,4,1,2,2,1,12,2,2,2,1,2,2,2,2,14,3,2,2,3,1,3.5,1.25,3.5,3.67,5,1.67,0,94.7,0
2837,0,1,3,7,20,2,1,2,0,1,3,0,4,0,11.697,71,2.8,0.7,3.75,0,1,6,1,1,9,1,1,2.5,1,3,1,2,2,1,4,5,2,2,2,1,2,1,1,4,3,4,5,1,1,4,1.5,2.33,2.33,3.33,2.08,0,94.7,0
2840,0,1,3,8,45,3,3,2,1,1,4,0,4,0,24.01,43,2.9,-1.65,3,0,1,6,1,3,7,1,3.5,3.3,2,1,1,2,2,1,5,3,2,2,2,2,2,1,2,10,3,3,3,3,1,3.25,1,3.1,2,4.33,2.4,0,93.3,0
2847,0,1,6,8,52,3,3,3,1,1,4,0,4,0,27.866,78,2.83,-0.18,4,0,1,6,2,2,10,1,1,3.8,5,4,1,1,1,1,6,3,2,2,2,2,2,2,1,6,4,5,5,3,2,4,1.75,4,2.33,5,3.18,0,95.5,0
2851,0,1,6,8,38,4,4,3,1,1,3,0,4,1,21.624,78,3.4,1.38,4,0,1,4,2,2,10,1,1.5,3.2,5,2,1,2,2,1,3,1,2,2,2,2,2,2,1,10,2,5,5,2,1,4,1.25,4,1,3,3.58,0,96,0
2852,0,1,2,8,31,4,4,2,1,1,5,0,4,0,17.593,54,1.7,0.25,3,0,1,5,2,2,5,1,2,2.4,2,3,1,1,1,1,6,4,2,2,2,2,2,2,2,5,2,2,3,3,1,3,2,2.8,2.33,4,2.33,0,93,0
2855,0,1,6,8,34,3,3,3,1,1,5,0,4,0,19.639,71,4,-1.45,3.5,0,1,9,2,3,9,2,1,4,5,4,1,1,1,1,7,2,2,2,2,2,2,2,2,6,4,5,3,4,1,4,1,4,1,3.67,3.86,0,95.5,0
2858,1,1,5,7,42,5,3,2,1,1,5,0,4,0,23.189,78,3.83,0.32,3.25,0,1,6,2,2,10,1,1.25,3.1,5,3,1,2,2,1,8,3,2,2,2,2,2,2,1,6,3,5,5,2,1,4,1,3,2,4.33,3.83,0,95.5,0
2859,1,1,6,8,49,1,3,3,1,1,5,0,4,0,26.397,62,3.42,-1.65,4,0,7,8,2,2,8,1,2,3.9,4,3,1,2,2,1,2,3,2,2,2,2,2,2,2,6,3,5,5,6,1,4,1.5,4,1.67,4.67,3.33,0,92.1,0
2864,0,1,6,8,55,3,3,3,1,1,4,0,4,0,29.243,72,3.7,1.07,3,0,1,2,2,4,10,1,1.5,3.6,5,3,1,4,4,1,2,3,2,2,2,2,2,2,1,9,2,5,5,4,1,3,1.75,4,2.33,4,3.63,0,94,0
2878,0,1,5,7,68,4,5,2,1,1,5,0,4,0,35.174,76,4,1.11,4,0,1,3,1,1,7,2,1,3.9,5,2,1,4,3,1,3,3,2,2,2,2,2,1,1,7,3,5,5,1,1,4,1.25,4,1,3,4.5,0,95.5,0
2879,0,1,7,8,55,4,3,1,1,1,5,0,4,1,29.509,71,3.9,-0.15,4,0,3,9,2,3,9,1,1.75,3.8,5,4,1,9,3,5,3,4,1,1,1,2,2,2,1,10,4,5,5,5,1,4,1.5,3.9,1.33,3.67,3.78,0,94.8,0
2890,0,1,6,8,34,4,4,2,1,1,4,0,3.5,0,19.628,55,3.67,0.56,3.5,0,1,10,2,3,7,2,2,2.8,4,2,1,1,3,1,8,4,2,2,1,2,2,2,1,7,3,4,5,2,2,3.75,2.25,2.3,1.33,4,3.45,0,96,0
2893,0,1,4,8,31,4,2,3,1,1,5,0,4,1,17.909,60,2.8,0.15,4,0,1,3,2,3,6,1,1,4,5,3,1,9,3,1,3,2,2,2,2,2,2,2,1,5,4,4,4,4,1,4,1,3.8,1,3.67,3.67,0,94.8,0
2894,0,1,3,8,42,1,2,2,1,1,2,0,4,1,22.354,54,2.6,0.16,4,0,1,5,2,1,5,1,3,2,5,3,3,9,3,1,5,2,2,2,2,2,2,2,1,5,2,4,5,3,2,4,2.25,2.1,2,4.33,2.33,0,94.8,0
2900,0,1,2,8,43,1,4,3,1,1,5,0,4,0,22.898,26,2.67,-1.66,2,0,1,5,1,3,7,1,1.75,2.6,2,1,1,2,2,1,7,1,2,2,2,2,2,1,2,7,2,4,4,3,1,2.5,2.25,2.6,2.67,4.33,1.92,0,95.5,0
2913,0,1,6,8,42,5,4,2,1,1,5,0,4,0,23.518,37,3,0.48,4,0,3,2,1,1,10,2,1.25,3.6,4,2,1,1,1,3,2,3,2,2,2,2,2,1,1,6,4,5,4,2,1,4,1.25,4,1.33,4.33,3.63,0,95.5,0
2916,1,1,4,8,35,5,4,2,1,1,5,0,4,0,19.95,40,2.83,0.68,4,0,1,3,1,1,7,2,1,3.7,5,3,1,1,1,1,3,2,2,2,2,2,2,1,1,3,3,4,5,1,2,4,1,3,2.67,2.33,2.83,0,94.3,0
2917,0,1,6,8,67,4,4,2,1,1,5,0,4,1,34.956,78,4,0.53,4,0,1,4,2,3,10,2,1.5,4,5,4,1,2,2,1,6,2,2,2,2,2,2,2,1,10,4,5,5,5,1,4,1.25,4,2,4,4.5,0,94,0
2931,0,1,3,8,52,5,4,2,1,1,3,0,4,0,27.444,66,2.67,-0.46,4,0,5,1,2,1,10,2,1.75,3.8,4,5,1,3,3,5,1,3,2,2,2,2,2,2,1,10,2,5,5,3,2,4,1.5,4,2.33,1.33,2.67,0,92.5,0
2944,1,0,4,6,56,5,3,3,1,1,5,0,4,0,29.347,58,1.9,0.79,4,0,1,3,1,3,12,1,1,3.4,5,4,1,1,1,1,5,1,2,2,2,1,2,1,1,14,4,5,5,6,1,4,3,2.9,1.67,4.33,2.83,0,96,0
2946,0,1,2,3,34,3,3,3,1,1,2,1,4,1,18.416,66,3.8,0.41,4,0,1,4,2,4,10,2,1.25,3.1,3,3,1,9,9,1,4,3,2,2,2,2,2,2,1,4,4,3,4,3,1,4,2,3.4,1,2.67,2.44,0,96,0
2947,0,1,3,8,37,5,4,2,1,1,4,1,4,1,20.688,78,3.2,0.5,3.25,0,1,3,2,3,10,2,1.25,3.6,5,4,1,1,3,1,4,1,2,2,2,2,2,2,1,5,4,5,5,4,1,3.5,1.5,3.8,1.33,3.33,3.13,0,95.5,0
2956,0,1,4,8,45,3,2,2,1,0,3,0,4,0,24.036,78,1.67,-0.16,4,0,1,6,2,1,9,1,3.75,3.7,5,2,1,1,1,6,3,4,2,2,2,2,2,2,1,5,2,4,5,2,2,4,2.5,2.9,1.33,4,1.39,0,92.5,0
2987,0,1,5,6,51,5,3,2,1,1,4,0,3,0,26.962,55,1.9,-0.99,3.5,0,1,3,1,3,7,2,2,2.5,5,3,1,3,3,1,3,3,2,2,1,1,2,1,1,6,3,5,5,4,1,2.75,1,3.1,3,4,3.92,0,93.6,0
2991,0,1,9,8,72,4,5,3,1,1,4,0,4,0,37.9,71,4,-0.21,4,0,1,4,2,2,9,1,1,3.3,5,2,2,2,2,1,4,4,2,2,1,2,2,2,1,9,4,5,4,2,1,4,1,3.4,2.33,4.33,4.17,0,93.3,0
2998,0,1,6,8,51,5,5,3,1,1,4,0,3,0,27.553,51,3.92,-1.24,3,0,1,5,1,2,4,2,1.5,3,4,2,1,3,3,1,4,2,2,2,1,2,2,1,2,4,3,4,5,3,1,3,1.5,3.1,2.67,4,4,0,94.1,0
2999,0,1,5,7,42,1,3,2,1,1,3,1,4,0,22.789,56,3.58,0.36,4,0,1,7,2,2,13,2,1.25,3.6,4,3,1,1,3,1,8,3,2,2,2,2,2,2,1,6,4,4,5,3,2,4,1.75,3.1,1.67,3.33,3.4,0,93.3,0
3000,0,1,6,8,42,2,2,2,1,1,5,0,4,0,23.09,45,3.8,-0.82,4,0,1,9,2,2,13,1,1.25,3.6,5,4,2,2,2,1,5,3,2,2,2,2,2,2,2,14,4,5,5,4,1,4,1,4,1.67,4.67,4,0,93.6,0
3006,0,1,6,8,34,3,2,3,1,1,4,0,4,0,19.516,51,3.83,-0.31,4,0,1,6,2,1,4,1,1,3.2,4,3,2,2,2,1,6,3,2,2,2,2,2,2,1,6,2,5,5,4,1,4,3.25,2.6,1.67,4.67,4.5,0,95.5,0
3009,1,0,5,8,51,5,5,1,1,1,4,0,4,0,27.461,78,3.4,-0.58,4,0,1,9,1,2,10,1,1,3.7,5,6,1,2,2,1,9,3,2,2,2,2,2,1,2,6,3,5,5,6,1,4,1,4,2,3.33,4,0,92.1,0
3014,0,1,6,8,50,3,3,2,1,1,5,0,4,1,26.981,78,4,1.06,4,0,1,5,2,2,12,2,1.5,3.9,5,5,1,1,3,1,5,3,2,2,2,2,2,2,1,7,4,5,5,6,1,4,1.25,3.7,1,3.33,5,0,96,0
3015,0,0,4,7,31,5,4,3,1,1,3,0,4,0,17.933,61,3.2,0.07,4,0,1,6,1,2,10,1,1,3.8,5,2,1,1,1,1,5,1,2,2,2,2,2,1,2,10,4,5,3,5,1,4,1.25,3.8,1.33,4.33,3.5,0,96,0
3016,0,1,5,8,56,5,4,2,1,1,4,0,4,0,29.711,72,3.42,-0.04,4,0,1,3,2,3,12,1,1.5,3.4,5,5,1,1,1,1,3,2,2,2,1,2,2,2,2,14,4,4,5,4,1,4,2,3.5,2,3,4,0,93.6,0
3017,0,1,6,8,51,3,2,2,1,1,4,0,3.5,0,27.171,62,4,0.44,4,0,1,6,1,2,8,1,1.75,3.2,5,2,4,2,2,1,6,3,2,2,1,2,2,1,1,6,4,5,5,6,1,4,1,3.8,2.33,3.67,4.2,0,96,0
3020,0,1,7,7,51,4,4,2,1,1,5,0,4,0,27.679,66,4,0.08,4,0,1,6,1,2,7,2,1.25,3.9,5,6,1,1,1,1,4,3,2,2,2,2,2,1,1,7,4,5,5,3,1,4,1.25,4,1.33,3.33,4.67,0,94.2,0
3024,0,1,5,8,34,3,3,3,1,1,5,0,4,0,19.441,72,3.3,-0.85,4,0,1,4,2,3,12,2,1.25,3.3,5,3,1,2,2,1,4,3,2,2,2,2,2,2,1,14,4,5,5,2,2,4,2,3.6,2,3,2.69,0,95.5,0
3030,1,1,5,7,57,4,3,3,1,1,3,0,3,0,29.771,62,3.67,-1.14,3,0,1,4,2,3,6,1,1.5,2.6,4,3,1,1,1,1,4,3,2,2,2,2,2,2,2,6,3,4,5,3,1,3.25,2.75,2.4,2,2.33,3.19,0,91.3,0
3036,0,1,2,8,49,5,4,3,1,1,4,0,4,0,25.953,78,3.1,-0.97,3.75,0,1,5,2,3,10,1,1,3.6,5,3,1,2,2,1,3,3,2,2,2,2,2,2,1,10,3,5,5,3,1,3.5,1.5,3.1,2.33,4,3.75,0,90.2,0
3049,0,1,6,7,41,4,4,3,1,1,5,0,4,0,22.94,69,2.4,-1.24,3.5,0,1,7,1,3,4,1,1,3.7,5,1,1,2,2,1,6,3,2,2,2,2,2,1,2,7,4,5,5,2,1,3.75,1.25,4,1.33,4.67,2.13,0,93.9,0
3050,0,1,3,8,47,5,4,3,1,1,2,1,3,1,25.059,62,2.09,-1.65,3,0,1,5,2,3,8,2,2,2.8,4,6,1,2,2,1,6,3,2,2,2,2,2,2,2,5,3,4,5,3,1,2.75,1,3.5,2,3.67,3,0,93.9,0
3055,0,1,5,8,58,3,2,2,1,1,3,0,4,0,30.25,67,3.7,-1.66,4,0,1,4,2,3,5,1,1,3.4,4,5,4,2,2,1,4,3,2,2,2,2,2,2,2,10,3,5,4,4,2,3.75,1.5,3.3,1.33,3.67,3.43,0,93.9,0
3063,0,1,5,8,49,3,3,2,1,1,3,0,3,0,26.009,78,3.5,-1.24,3,0,1,5,2,2,5,1,1.5,2.5,4,3,1,2,2,5,4,4,1,2,2,2,2,2,2,6,4,4,5,3,2,2.75,1.75,2.4,2.67,3.33,2.08,0,93.9,0
3072,0,1,4,8,42,4,2,2,1,1,4,0,4,1,22.874,62,3.82,-0.66,4,0,1,6,2,2,6,1,2,2.7,5,3,1,2,2,1,7,2,2,2,1,2,2,2,2,4,4,4,5,4,1,4,3,3,2.67,4,3.4,0,93.9,0
3076,0,1,5,7,31,3,2,3,1,1,5,0,4,0,17.892,78,2.73,1.18,4,0,5,1,1,2,4,2,1.25,3.7,5,3,1,1,4,1,3,3,1,2,2,2,2,1,2,4,3,4,4,1,2,4,1.5,3.6,1.33,4.33,2.5,0,95.5,0
3078,0,1,6,8,56,4,3,3,0,1,5,1,4,1,29.456,56,2.8,0.62,4,0,2,3,1,2,7,1,2,3.9,4,2,1,1,1,4,2,4,1,2,2,2,2,1,1,6,4,5,4,3,1,4,1.5,4,1.33,3,3.5,0,94.2,0
3098,0,1,5,7,55,4,4,3,1,1,4,0,4,0,29.133,60,2.8,0.49,3.25,0,1,3,1,2,6,1,1,3.9,4,1,1,2,2,5,2,3,1,2,2,2,2,1,1,6,3,4,5,1,1,3,1,3.7,1.67,3.33,2.2,0,91.3,0
3109,0,1,3,8,34,4,4,3,1,1,4,0,4,0,19.182,78,2.9,0.39,4,0,1,3,2,1,10,1,2.25,2.5,5,3,2,1,3,1,3,1,2,2,2,2,2,2,1,6,3,5,5,2,1,4,2,3.3,2.33,2.67,2.5,0,96,0
3112,0,1,6,7,34,4,4,3,1,1,5,0,3,0,19.529,78,3.73,0.93,3,0,1,6,2,1,10,2,1.25,3.6,5,6,1,9,3,1,5,3,2,2,2,2,2,2,1,10,2,5,4,5,2,3.25,1.75,3.1,2,5,3.17,0,96,0
3119,0,1,5,8,34,5,4,2,1,1,4,0,4,0,19.613,56,3.9,-0.11,4,0,4,4,2,1,4,2,1.75,3.4,5,2,1,1,3,5,4,4,2,2,2,2,2,2,1,5,2,4,4,1,3,3.75,1.5,3.6,1.67,3.67,2.6,0,94.8,0
3122,0,1,5,7,39,4,3,3,1,1,4,0,4,0,21.701,72,2.8,1.09,4,0,1,3,1,2,12,1,1.5,3.3,5,3,1,9,3,1,3,3,2,2,2,2,2,1,1,10,2,5,5,4,1,4,2.25,3.4,1.67,3.67,2.6,0,94.7,0
3128,0,1,6,8,45,3,2,2,1,1,4,0,4,0,24.516,78,3.9,0.32,4,0,1,4,2,1,10,2,1.25,3.9,5,3,1,9,3,1,3,4,2,2,2,2,2,2,1,8,4,5,4,6,1,4,2,3.5,1.33,3.67,4.45,0,96,0
3129,0,1,3,8,56,4,5,1,1,1,4,0,3,0,29.072,40,3.33,0.17,4,0,5,2,2,2,14,2,1.25,3.9,5,2,1,9,3,6,2,4,1,2,2,2,2,2,1,9,1,4,5,1,2,4,4,3.1,1.33,3.67,2,0,94.8,0
3138,0,1,5,7,44,3,2,1,1,1,5,0,4,0,23.761,64,2.4,0.72,4,0,1,6,1,1,6,2,1,3.7,4,5,1,1,1,1,3,1,2,2,1,2,2,1,1,4,3,5,5,3,2,4,1,3.8,2,3.33,2.4,0,95.5,0
3144,0,1,6,8,50,4,4,2,1,1,4,0,4,0,27.071,78,3.86,0.66,4,0,1,4,1,1,10,1,1,3.9,5,3,1,9,9,1,3,4,2,2,2,2,2,1,1,10,3,5,5,4,1,4,1,3.7,1.67,4,4.36,0,94.2,0
3156,0,1,2,8,58,4,4,3,1,1,5,0,4,0,30.035,78,3.3,0.56,4,0,1,4,2,2,10,2,1.25,3.3,5,2,2,2,2,1,4,2,2,2,1,2,2,2,1,5,4,5,5,3,2,4,1,3.7,2.33,4.67,2.7,0,94.7,0
3181,0,1,5,8,42,4,1,3,1,1,2,0,3.75,0,22.8665,60,3.6,0.18,4,0,1,4,2,1,6,1,2,3.4,5,3,1,9,9,5,1,4,1,2,1,2,2,2,1,6,4,5,4,3,2,4,1.75,3.5,1.33,4,3.2,0,94.8,0
3182,0,1,6,8,42,3,1,3,1,1,2,0,3,0,22.832,49,3.64,0.25,3,0,5,5,1,1,6,1,2.5,2.9,4,4,1,2,2,5,4,4,2,2,2,2,2,1,1,10,1,5,5,6,1,3,1.75,3.7,1.67,2.67,3.83,0,96,0
3188,0,1,7,8,56,3,2,1,1,1,3,0,4,0,29.679,78,3.4,0.34,4,0,3,5,1,3,5,1,1.25,3.5,4,2,1,1,1,1,5,4,2,2,2,2,2,1,2,10,3,5,4,3,1,4,3.25,3.4,2,3,3,0,94.8,0
3208,0,1,2,8,44,4,3,3,1,1,4,0,4,1,23.533,62,1.9,-0.62,4,0,1,4,1,2,10,1,2,3.2,5,2,1,1,3,1,8,2,2,2,2,2,2,1,2,7,3,4,4,1,1,4,1.75,3.8,1.67,4,2.08,0,94.7,0
3216,0,1,6,8,60,5,4,2,1,1,5,0,4,1,31.827,78,4,1.64,4,0,1,3,2,1,10,1,1,3.5,5,1,2,2,2,1,3,3,2,2,1,2,2,2,1,10,4,5,5,2,1,4,1,2,1.33,3.67,4,0,93,0
3221,0,1,6,7,42,5,3,2,1,1,5,0,4,0,23.346,78,3.58,-0.33,4,0,1,3,2,1,10,1,1.5,3.7,4,2,1,1,3,1,3,3,2,2,2,2,2,2,1,7,4,5,5,4,1,4,2,3.5,1,3.67,3.69,0,94.8,0
3224,0,1,5,8,34,5,5,2,1,1,4,0,4,1,19.748,67,3.2,0.04,4,0,1,4,2,3,5,2,1,3.8,5,3,1,9,1,1,4,3,2,2,1,2,2,2,1,5,3,4,4,5,1,4,1.5,4,1,1.67,2.92,0,96,0
3229,0,1,5,8,49,1,1,3,1,1,5,0,4,1,26.029,50,3.08,0.71,4,0,1,4,2,1,9,1,1,4,4,6,1,9,3,1,9,2,2,2,2,2,2,2,1,7,4,4,5,3,1,4,1.5,3.6,2.33,3.33,3.13,0,96,0
3246,0,1,5,8,42,5,4,3,1,1,5,0,4,0,23.369,78,3.27,0.64,4,0,1,8,2,3,10,1,1.25,2.8,5,6,1,9,3,1,6,1,2,2,1,1,2,2,1,8,3,4,5,6,1,4,2.5,3,2.67,4.67,2.42,0,96,0
3270,1,1,6,8,55,3,3,2,1,1,5,0,4,0,29.27,45,3.67,0.66,4,0,5,4,2,1,13,1,2.5,2.5,5,2,1,1,1,5,4,4,2,2,2,2,2,2,1,14,3,5,5,5,1,4,3.25,2.1,3.33,1.67,3.71,0,94.8,0
3271,1,1,6,7,50,4,2,3,1,1,4,0,4,0,26.901,78,3.6,-0.12,4,0,1,4,1,1,10,2,1,3.5,5,2,1,1,3,1,4,1,2,2,2,2,2,1,1,14,2,4,4,3,1,4,1.5,3,2,3.33,2.67,0,94.8,0
3273,1,1,6,7,42,4,3,3,1,1,5,0,4,0,23.352,78,4,-0.23,4,0,1,5,2,1,10,1,2.5,3,5,4,1,9,3,1,6,3,2,2,2,2,2,2,1,10,4,5,5,5,2,4,1.5,3.7,1.67,4,4,0,94.7,0
3274,1,1,2,8,31,3,2,2,1,1,4,1,2.5,1,17.136,40,2.33,-0.93,2.5,0,1,6,2,3,6,1,2.5,2.7,2,2,2,3,3,8,1,2,1,2,2,2,2,2,2,4,3,2,5,1,1,2.5,1.25,2.6,3,3.67,2.33,1,91.3,0
3276,1,1,5,7,37,4,4,3,1,1,5,0,4,0,20.947,42,3,0.91,4,0,1,2,1,1,12,2,1,3.6,4,2,1,9,4,1,2,3,2,2,2,2,2,1,1,7,1,4,5,1,1,3.75,1.25,3.8,1.33,5,3.25,0,94.8,0
3277,1,1,5,8,37,3,3,2,1,1,5,0,4,0,20.81,78,3.2,0.57,4,0,1,5,1,1,10,1,1,4,5,1,1,1,1,1,4,3,2,2,2,2,2,1,1,4,3,4,4,2,2,4,1.25,3.9,2.67,4,3.17,0,94.8,0
3278,1,1,4,7,34,3,1,3,1,1,5,0,4,1,19.071,78,3.8,-0.18,4,0,1,4,2,1,10,1,1,3.5,5,3,1,4,3,1,4,1,2,2,2,2,2,2,1,10,4,5,5,3,1,4,1.75,3,2,4.33,2.7,0,94.8,0
3280,1,1,6,8,46,4,4,2,1,1,3,0,4,0,25.241,66,3.5,0.56,4,0,1,7,1,1,7,2,1,3.8,4,2,1,3,1,1,5,2,2,2,1,2,2,1,1,5,3,4,4,1,4,3.75,1.75,2.33,1.67,4.33,3.5,0,94.8,0
3303,1,0,3,7,16,5,5,3,0,1,5,0,4,0,10.59,66,2.83,0.25,4,0,1,5,1,1,7,2,1.25,3.7,4,1,1,1,1,1,6,2,2,2,2,2,2,1,1,7,3,5,5,3,1,4,2.75,3.4,2.33,4.33,2.83,0,92.5,0
5260,0,1,4,8,53,5,3,2,1,1,4,0,4,0,28.048,78,3.67,-0.67,4,0,1,4,1,3,10,2,2,4,5,2,1,2,2,1,3,3,2,2,2,2,2,1,2,5,3,4,5,2,2,3.75,1.25,3.7,1.33,3.67,2.43,0,90.9,0
5262,0,1,3,8,33,4,4,3,1,1,4,1,4,0,18.77,78,2.67,-0.25,4,0,4,6,2,2,10,1,2,4,5,1,1,1,4,4,1,3,1,2,2,2,2,2,2,5,4,5,3,2,4,4,3,4,1,3,2.67,0,88.5,0
