"caseId","Residence Own house/aprt","Disabled or Ill","Highest education completed","Present work situation","Current job prestige scores","Current occupation satisfaction","Present income satisfaction","Respodent identity importance","Respodent detention/jail/prison","Country feels like home","Respondent health","Has Children","Average English Skill","MariageStatus","successIndex"
1,0,1,5,7,57,4,4,3,1,1,4,1,4,1,30.145
3,0,1,2,8,34,4,3,3,1,1,4,0,4,1,18.943
5,0,1,6,8,51,4,4,2,1,0,5,0,4,0,27.516
7,0,1,3,8,42,5,5,3,1,1,4,0,3.75,1,23.0235
10,0,1,5,7,42,5,4,3,1,1,5,0,4,0,23.285
13,1,1,2,8,44,4,4,3,1,1,3,0,4,0,23.58
21,0,1,6,8,44,5,4,3,1,1,5,0,4,1,24.532
25,0,1,6,8,62,4,3,3,1,1,4,0,4,1,32.587
26,0,1,3,8,67,4,4,2,1,1,4,0,4,1,34.327
27,0,1,5,8,49,3,3,3,1,1,5,0,4,0,26.326
29,1,1,6,8,51,2,4,3,1,1,5,0,3.5,0,27.388
30,0,1,5,7,41,3,3,3,1,1,3,0,3.75,0,22.4505
32,0,1,3,7,38,4,4,3,1,1,5,0,4,0,20.969
34,0,1,5,8,52,5,4,2,1,1,5,0,4,1,27.957
35,1,1,4,8,51,4,4,3,1,1,5,0,3.75,0,27.2095
36,1,1,6,8,53,5,4,2,1,1,5,0,3.5,0,28.509
38,0,1,5,7,39,4,4,3,1,1,5,0,4,0,21.824
48,1,0,1,7,45,5,4,3,1,1,5,0,4,0,23.876
52,0,1,4,7,38,4,3,2,1,1,5,0,3.5,0,20.931
54,0,1,3,7,53,3,3,3,1,1,5,1,4,0,27.729
57,0,1,2,8,20,3,2,3,0,1,3,0,4,0,11.804
58,1,1,4,8,53,4,3,3,1,1,5,0,4,0,28.089
60,0,1,4,8,78,5,5,2,1,1,5,0,3.75,0,39.6845
61,0,1,6,8,29,4,3,1,1,1,5,0,4,0,17.33
65,0,1,8,8,54,5,4,3,1,1,5,0,4,1,29.518
66,0,1,3,7,39,5,3,3,1,1,3,0,4,0,21.354
74,1,1,6,8,66,4,2,3,1,1,4,0,4,0,34.329
75,0,1,3,8,49,3,2,3,1,1,3,0,4,0,25.772
76,0,1,3,8,67,5,5,2,1,1,4,0,4,1,34.499
78,0,1,6,8,57,4,5,2,1,1,5,0,4,1,30.454
79,0,1,3,7,31,3,2,3,1,1,2,0,4,0,17.391
80,0,1,2,8,39,1,4,3,1,1,5,0,4,0,21.062
81,0,1,2,8,38,4,4,2,1,1,5,1,4,1,20.9
82,1,1,2,8,53,1,5,3,1,1,5,0,4,0,27.617
83,0,1,5,8,38,4,2,3,1,1,5,0,4,0,21.273
84,0,1,4,8,32,3,1,3,1,1,4,0,4,0,18.114
86,0,1,2,8,34,1,3,1,1,1,3,0,4,0,18.511
87,0,1,3,8,18,4,1,2,0,1,5,0,4,0,11.101
88,1,1,3,8,55,5,5,3,1,1,5,0,4,1,29.116
89,0,1,3,7,38,3,1,2,1,1,5,0,3.75,0,20.5225
91,0,1,4,7,62,2,4,2,1,1,5,0,3.25,1,31.8645
92,1,1,3,7,60,3,2,2,1,1,3,0,4,0,30.729
93,0,0,3,7,20,4,2,3,1,1,3,1,4,0,12.473
95,0,1,3,8,30,5,4,3,1,1,5,0,3,1,17.314
96,1,1,4,8,42,5,4,3,1,1,4,1,4,1,23.271
97,1,1,6,8,39,4,3,2,1,1,4,0,4,0,21.975
98,1,0,4,8,34,5,2,3,0,1,4,0,4,0,18.835
101,0,1,3,8,42,3,2,3,1,1,5,0,4,0,22.629
102,0,1,2,8,54,5,4,2,1,1,5,0,4,0,28.234
106,1,0,5,8,50,5,4,2,1,1,2,0,4,0,26.893
107,0,1,6,8,67,4,2,3,1,1,5,0,4,0,34.782
108,0,1,4,8,54,2,2,3,1,1,5,0,3,0,28.053
110,0,1,3,7,20,3,2,2,0,1,3,1,3.5,0,11.817
112,0,1,3,8,43,5,5,3,0,1,5,0,3.75,0,23.0115
113,0,1,3,8,20,4,4,2,1,1,4,0,4,0,12.707
118,0,1,5,8,55,5,3,3,1,1,3,0,4,0,29.178
120,1,1,6,8,52,5,5,1,1,1,5,0,4,1,28.235
123,0,1,3,8,32,4,4,3,1,1,5,0,4,1,18.346
124,0,1,3,8,29,4,3,2,1,1,3,0,4,0,16.715
125,0,1,6,8,66,3,2,3,1,1,5,0,4,0,34.239
128,0,1,5,3,39,1,2,3,1,1,3,1,3.75,0,20.9875
132,1,1,6,8,52,4,4,1,1,1,4,0,4,0,27.981
133,0,1,4,8,37,5,3,3,1,1,5,1,4,1,20.882
135,1,1,4,7,64,4,2,3,1,1,3,0,4,0,32.896
138,0,1,2,8,51,4,3,2,1,1,4,0,4,1,26.697
143,0,1,3,8,50,4,2,3,1,1,4,1,4,1,26.444
145,0,1,6,8,57,5,4,3,1,1,5,0,4,0,30.452
147,1,1,4,8,51,4,2,3,1,1,4,1,3.75,1,27.0925
149,0,1,5,8,30,4,2,2,1,1,5,0,4,1,17.599
151,0,1,6,8,55,4,4,3,1,1,5,0,4,0,29.45
155,0,1,3,7,50,5,4,3,1,1,5,1,4,1,26.655
158,1,1,3,8,55,5,4,2,1,1,3,0,4,0,28.862
164,0,1,1,8,34,4,4,3,1,1,4,1,4,1,18.88
165,1,1,7,7,23,4,4,3,1,1,4,0,4,0,14.882
168,1,1,5,7,60,4,3,3,1,1,4,0,3.75,0,31.3315
169,0,1,6,8,60,4,3,3,1,1,5,0,4,1,31.704
171,0,1,4,8,53,4,4,3,1,1,5,0,4,0,28.136
172,1,1,2,7,34,3,3,2,1,1,5,0,4,0,18.755
173,0,1,3,8,53,4,4,2,1,1,5,0,4,0,27.889
174,0,1,5,8,67,1,4,2,1,1,4,0,4,0,34.424
175,0,1,2,8,42,3,3,2,1,1,4,0,4,0,22.435
176,0,0,2,8,38,3,3,1,1,1,2,1,4,0,20.492
177,1,1,6,8,51,5,5,1,1,1,5,0,4,1,27.776
178,1,1,2,8,53,5,5,2,1,1,5,0,4,1,27.951
179,1,1,7,8,49,4,3,2,1,1,4,0,4,0,26.763
181,1,1,5,8,52,1,1,3,1,1,5,0,4,1,27.447
182,0,1,2,7,34,3,1,3,1,1,5,1,4,1,18.681
183,0,1,5,7,42,4,4,3,1,1,5,0,4,0,23.201
185,0,1,3,8,42,3,3,1,1,1,5,0,4,1,22.666
189,1,1,2,7,34,5,5,2,1,1,5,1,4,1,19.193
193,0,1,2,7,39,1,2,3,1,1,5,1,4,1,20.896
199,0,1,4,8,39,4,4,3,1,1,4,1,4,0,21.722
201,0,1,4,7,56,4,2,2,1,1,4,0,3.75,1,29.1665
204,0,1,2,7,29,5,3,2,1,1,4,0,3.75,1,16.5495
205,1,0,3,8,23,5,4,1,1,1,5,0,3.75,0,14.1105
206,0,0,6,2,42,3,2,3,1,1,4,0,4,0,22.649
207,0,1,2,8,31,1,4,3,1,1,5,1,3,1,17.286
211,0,1,6,8,54,4,4,3,1,1,5,0,4,0,28.991
213,0,1,2,8,34,4,4,3,1,1,5,0,4,0,19.019
217,0,1,1,8,42,5,4,2,1,1,5,0,3.75,0,22.4785
219,1,1,5,8,50,4,3,3,1,1,5,0,4,0,26.91
220,1,1,4,8,39,4,3,3,0,1,5,0,4,0,21.204
225,0,1,2,8,38,3,3,2,1,1,4,0,3.5,0,20.5
226,1,1,5,8,53,3,2,3,1,1,5,0,4,1,28.162
227,1,1,3,7,34,4,4,2,1,1,5,0,4,0,19.125
228,0,1,7,8,33,4,5,3,1,1,3,1,3.75,0,19.5655
229,0,1,5,8,39,3,3,3,1,1,5,0,4,0,21.736
230,0,1,3,7,38,2,1,3,1,1,5,0,4,0,20.537
231,0,1,3,8,50,2,2,3,1,1,4,0,4,0,26.182
232,0,1,6,8,58,3,2,2,1,1,3,0,4,0,30.448
233,0,1,7,8,42,3,4,3,1,1,4,0,4,0,23.562
235,1,1,5,7,41,4,2,3,1,1,5,0,3.75,0,22.5575
238,0,1,3,8,53,4,4,3,1,1,4,1,4,1,27.997
240,0,1,6,7,23,4,3,3,1,1,4,0,4,0,14.555
241,0,1,2,8,39,4,4,2,1,1,4,0,3.75,1,21.2275
242,0,1,5,7,53,5,2,3,1,1,5,0,4,0,28.158
244,0,1,2,7,39,5,4,3,1,1,3,1,4,0,21.291
245,0,1,7,8,68,3,2,3,1,1,4,0,3,0,35.122
248,0,1,2,8,37,4,4,3,1,1,4,0,4,0,20.361
249,0,1,2,8,32,4,3,3,1,1,5,0,4,0,18.013
250,0,1,1,8,38,3,3,2,1,1,5,0,4,0,20.436
252,0,0,5,2,49,5,1,2,1,1,5,0,4,0,25.73
255,0,1,3,8,56,4,4,2,1,1,3,1,3.5,1,29.191
256,1,1,2,8,42,3,3,2,1,1,5,0,3,1,22.36
257,0,0,6,8,42,3,3,1,1,1,3,0,3.75,0,23.0585
258,0,1,6,7,53,4,3,3,1,1,5,0,4,0,28.36
259,0,1,2,8,22,2,2,3,1,1,4,0,4,1,13.179
260,0,1,5,8,39,4,4,3,1,1,5,1,4,1,22.002
261,0,1,3,8,21,1,3,3,1,1,4,0,4,0,12.875
262,0,1,2,8,32,1,4,2,1,1,4,0,3.75,1,17.7625
263,1,1,3,8,20,1,3,3,1,1,5,1,4,0,12.539
265,0,0,3,7,42,4,4,1,1,1,4,1,3,1,22.533
266,1,1,2,8,30,5,3,3,1,1,4,1,4,1,17.279
271,1,1,2,7,34,5,3,3,1,1,5,1,4,1,19.066
272,0,1,4,8,34,3,2,1,1,1,4,0,4,0,19.022
273,0,1,3,8,34,5,4,3,1,1,5,1,3.75,1,19.3455
274,0,1,2,8,44,4,3,3,1,1,5,1,3,0,23.37
275,0,1,1,8,57,4,2,2,1,1,1,1,3,1,28.909
279,0,1,5,8,34,5,3,3,1,1,4,1,4,1,19.668
280,0,1,5,8,34,4,2,3,1,1,5,0,4,0,19.437
281,1,1,2,8,38,4,2,3,1,1,2,0,4,0,20.615
282,1,1,3,8,53,4,4,3,0,1,4,1,4,1,27.579
283,1,1,3,8,53,5,3,2,1,1,4,1,4,1,27.985
284,0,1,2,8,37,3,2,2,0,1,4,1,4,0,19.64
285,0,1,4,7,48,4,1,2,1,1,3,0,3,0,25.176
287,0,1,2,8,33,4,4,2,1,1,4,1,4,0,18.523
288,0,1,3,8,42,4,4,2,1,1,2,0,3.5,0,22.636
289,0,1,3,7,50,1,1,3,1,1,5,0,4,0,25.961
291,0,1,4,8,34,5,4,3,1,1,3,1,4,0,19.476
295,0,1,1,8,21,4,4,1,1,1,3,0,3.5,0,12.587
297,0,1,3,8,39,4,4,3,1,1,3,0,3,0,21.244
299,0,1,2,8,34,4,5,2,1,1,3,0,4,0,18.988
304,1,1,2,8,39,5,5,3,1,1,5,1,4,1,21.621
307,1,1,5,7,42,2,1,3,1,1,5,0,4,0,22.81
308,0,1,2,8,37,2,2,1,1,1,5,0,3.25,0,19.8055
310,0,1,3,8,36,5,5,3,0,1,4,0,4,0,19.813
311,0,1,2,8,38,3,4,3,1,1,2,0,4,0,20.666
312,0,1,3,8,55,3,3,2,1,1,3,1,4,0,28.612
315,0,1,2,8,53,5,4,2,0,1,4,0,4,0,27.281
316,1,1,5,8,34,4,3,2,1,1,5,0,3.75,0,19.4675
317,1,1,1,8,20,4,3,3,1,1,5,0,4,0,12.348
319,0,1,2,8,37,5,3,3,1,1,5,1,4,0,20.439
321,0,1,2,8,53,4,3,3,1,1,3,0,4,1,27.629
322,0,1,4,8,39,5,4,3,1,1,5,1,4,1,21.888
324,0,1,4,7,49,5,5,3,1,1,4,1,4,0,26.4
326,0,1,5,8,62,5,4,3,1,1,5,0,4,1,32.596
329,0,1,5,8,49,4,4,3,1,1,4,1,4,0,26.51
330,0,1,2,8,37,3,3,3,1,1,3,0,3.75,0,20.1045
331,0,1,6,7,26,2,1,2,1,1,4,0,4,0,15.539
335,0,1,3,8,53,4,3,2,1,1,5,0,4,0,27.801
336,0,1,1,8,49,4,3,3,1,1,5,1,4,1,25.712
338,0,1,3,8,50,5,4,3,1,1,4,0,4,1,26.657
340,0,1,6,8,42,3,4,1,1,1,4,0,4,0,23.266
341,0,0,2,8,42,3,1,3,1,1,2,0,3.75,1,22.2005
342,0,1,6,8,72,4,2,2,1,1,3,0,4,0,36.958
343,0,1,5,8,44,2,2,3,1,1,5,0,4,1,23.906
346,0,1,6,8,53,4,2,2,1,1,5,0,4,1,28.354
347,0,1,3,8,28,4,4,2,0,1,5,0,3,1,15.804
349,0,1,1,8,34,4,2,2,1,1,3,1,4,0,18.573
350,0,1,2,8,51,5,5,1,1,1,5,1,4,1,26.99
351,0,1,2,8,23,4,3,2,1,1,4,1,2.5,1,13.595
357,1,1,4,8,53,5,5,1,1,1,5,1,4,1,28.345
360,1,1,7,7,60,5,4,3,1,1,4,0,4,0,31.949
363,1,1,6,7,53,4,1,2,1,1,5,0,4,0,28.176
364,1,1,6,8,51,4,4,2,1,1,5,0,4,0,27.606
365,1,1,3,8,34,3,3,2,0,1,3,0,4,0,18.508
366,1,1,4,8,55,4,2,1,1,1,4,0,4,0,28.786
367,1,1,3,8,20,4,3,3,1,1,5,0,4,1,12.791
368,1,1,7,8,48,4,4,2,1,1,5,0,4,1,26.474
369,1,1,2,8,49,5,4,1,1,1,5,0,4,0,25.931
377,0,1,3,8,42,3,2,3,1,1,4,1,4,0,22.641
378,0,0,3,8,49,3,3,3,1,1,3,0,4,1,25.872
379,0,1,1,8,32,4,4,3,1,1,5,0,3,0,17.705
380,0,1,2,8,20,3,3,3,1,1,3,0,3,0,12.153
381,0,1,2,8,39,5,4,3,1,1,5,1,4,1,21.492
383,0,1,5,7,53,5,3,3,1,1,5,0,3.25,0,28.0975
386,0,1,5,7,38,5,3,2,1,1,3,0,4,1,21.289
389,1,1,3,8,30,4,5,3,1,1,5,1,4,1,17.604
397,0,1,3,8,56,5,4,3,1,1,4,0,4,0,29.364
399,0,1,3,7,48,5,4,3,1,1,5,0,4,0,25.643
400,0,1,1,8,62,4,1,3,1,1,2,1,4,0,31.351
401,0,1,3,8,38,2,3,3,1,1,4,0,4,0,20.762
402,0,1,3,8,42,4,4,1,1,1,3,0,4,0,22.721
405,0,1,2,8,44,1,4,3,0,1,5,1,4,0,22.945
411,1,1,3,8,53,4,3,2,1,1,3,0,4,1,27.819
413,1,1,4,8,34,5,5,3,1,1,5,0,4,0,19.628
416,0,1,3,8,53,4,4,1,1,1,5,0,4,1,27.887
417,0,1,2,8,38,3,3,2,1,1,5,1,4,1,20.728
420,0,0,6,8,42,4,3,1,1,1,5,0,4,0,23.262
421,0,1,6,8,42,4,4,2,1,1,3,0,4,1,23.411
423,0,1,3,7,39,4,3,3,1,1,5,0,4,1,21.387
424,0,1,5,8,31,4,4,3,1,1,4,0,4,0,18.201
425,0,1,3,7,34,1,2,2,1,1,4,0,4,0,18.621
426,0,1,3,7,55,5,3,2,1,1,4,0,3.75,0,28.6345
428,1,1,7,8,53,4,4,1,1,1,4,0,4,1,28.685
429,1,1,3,8,42,1,1,1,1,1,5,0,4,0,22.316
432,1,1,5,8,53,4,3,2,1,1,5,0,3.75,1,28.2355
435,0,1,5,7,39,2,2,3,1,1,4,0,3,0,21.247
436,1,1,5,8,53,2,4,3,1,1,5,1,4,1,28.301
443,0,0,4,8,35,3,3,3,1,0,2,0,4,0,19.513
445,0,1,1,8,39,4,2,3,1,1,3,0,4,0,20.87
447,0,1,6,8,57,5,4,3,1,1,3,0,4,0,30.382
448,1,1,5,8,67,5,4,3,1,1,4,0,4,0,34.85
449,0,1,3,8,34,4,3,3,1,1,4,1,4,0,19.141
451,0,1,6,8,42,4,4,2,1,1,5,0,4,0,23.434
455,0,1,6,8,39,1,1,3,1,1,4,0,4,1,21.602
462,0,1,6,8,62,5,3,3,1,1,5,0,4,1,32.706
463,0,1,3,8,27,4,4,3,1,1,4,0,3.75,0,15.9195
464,0,1,2,7,38,5,2,3,1,1,5,0,4,0,20.679
467,0,1,5,8,55,4,3,3,1,1,3,0,4,0,29.094
468,0,1,4,7,42,5,4,3,1,1,4,0,4,0,23.052
472,0,1,2,8,41,3,4,3,1,1,3,1,4,1,22.172
473,0,1,6,8,56,4,3,3,1,1,4,0,4,1,29.833
474,0,1,1,8,39,5,4,2,1,1,4,0,4,0,21.116
475,0,1,2,7,16,3,1,1,0,0,1,1,4,0,9.626
476,0,1,6,8,53,5,5,3,1,1,5,0,4,0,28.704
477,0,1,3,7,32,3,2,2,1,1,4,0,4,0,17.871
479,0,1,8,7,46,5,5,3,1,1,4,0,4,0,25.768
483,0,0,3,8,44,4,3,2,1,0,4,0,4,1,23.598
484,0,1,2,8,34,3,2,1,1,1,3,0,4,0,18.591
485,1,1,5,8,53,4,3,1,1,1,5,1,3.5,1,28.184
490,1,1,4,8,55,5,4,3,1,1,5,0,4,1,29.226
493,1,1,5,7,55,4,5,3,1,1,4,0,4,0,29.262
501,0,1,6,8,23,3,2,2,1,1,4,0,3,1,14.267
509,0,1,2,7,50,5,4,3,1,1,5,0,4,1,26.41
510,0,1,6,7,62,1,3,3,1,1,5,0,4,0,32.239
513,0,1,4,8,37,4,3,3,1,1,4,0,3.75,1,20.6665
516,0,1,3,8,34,4,4,3,1,1,4,0,4,0,19.182
522,0,1,5,7,42,4,1,2,1,1,4,0,4,0,22.853
523,0,1,2,8,46,4,4,3,1,1,5,0,4,1,24.574
526,1,1,6,8,42,2,3,1,1,1,5,0,4,0,23.17
529,0,0,2,8,34,3,2,2,1,1,4,0,4,1,18.687
536,0,1,6,8,50,4,4,3,1,1,5,0,4,0,27.155
539,0,1,6,8,51,4,4,2,1,1,4,0,4,0,27.53
540,0,1,6,8,44,4,4,2,1,1,5,0,4,0,24.352
542,0,1,6,8,56,4,4,1,1,1,5,0,4,0,29.811
543,0,1,6,8,39,4,4,2,1,1,5,0,4,1,22.104
544,1,1,5,7,53,4,4,2,1,1,5,0,4,0,28.242
545,1,1,6,8,60,5,3,3,1,1,4,0,4,0,31.747
546,0,1,7,8,69,3,2,3,1,0,4,0,4,0,35.73
548,0,1,6,7,53,4,2,3,1,1,5,0,4,0,28.272
550,0,1,6,7,42,4,1,3,1,1,5,0,4,0,23.135
551,0,1,7,8,67,5,3,2,1,1,3,0,4,0,35.033
553,0,1,6,2,51,4,4,3,1,1,5,0,2.75,0,26.8625
555,0,1,3,7,31,4,3,3,1,1,3,0,4,0,17.598
556,0,1,4,7,35,4,4,3,1,1,3,0,4,0,19.72
557,1,1,4,8,69,5,4,3,1,1,5,0,4,1,35.652
558,0,1,4,7,49,4,2,3,1,1,4,0,4,0,26.005
559,0,1,3,8,43,5,5,3,1,1,4,1,4,1,23.579
560,1,1,5,7,34,4,3,3,1,1,5,0,3.25,0,19.3335
566,0,0,3,8,21,4,4,3,0,1,4,0,4,0,12.721
569,0,1,5,8,34,4,3,2,1,1,4,0,4,1,19.488
570,0,1,2,7,44,5,2,2,1,1,5,0,4,0,23.384
571,1,1,2,8,37,5,4,3,1,1,4,0,4,0,20.486
572,0,1,2,8,50,3,4,3,1,1,3,0,4,0,26.209
573,1,0,6,7,31,3,1,2,1,1,4,0,4,0,17.924
577,0,1,3,8,55,4,3,2,1,1,3,1,4,0,28.696
578,0,1,2,8,31,4,5,1,0,1,2,1,4,1,17.162
579,1,1,6,7,42,4,4,2,1,1,4,0,4,0,23.356
580,0,1,7,7,60,5,5,3,1,1,5,0,4,0,32.031
582,0,1,6,8,54,5,5,2,1,1,5,0,4,0,29.114
585,1,1,6,8,53,5,4,2,1,1,4,1,4,1,28.667
590,1,1,4,8,43,4,4,2,1,1,5,0,4,0,23.538
592,1,1,3,8,39,4,4,3,1,1,4,0,4,0,21.518
593,0,1,1,8,21,4,3,2,1,1,4,1,4,1,12.776
594,1,1,4,8,55,5,2,3,1,1,4,1,4,1,29.062
595,0,1,2,8,44,3,4,3,1,1,4,1,3.5,1,23.485
596,1,1,6,8,51,1,1,1,1,1,3,0,4,0,26.971
597,0,1,5,8,56,4,3,3,1,1,3,0,3.75,0,29.5035
598,1,1,5,7,34,3,1,1,1,1,5,0,4,0,19.124
599,0,1,2,7,38,4,1,3,1,1,4,0,4,0,20.472
601,1,0,5,8,60,5,4,3,1,1,3,0,4,0,31.567
602,0,1,3,8,33,2,1,3,0,1,3,0,4,0,17.797
603,0,1,4,7,22,2,1,2,1,1,3,0,4,0,13.272
604,0,1,1,8,38,1,3,3,1,1,5,0,4,1,20.364
606,0,1,6,8,42,3,2,2,1,1,5,0,4,0,23.174
607,0,1,3,8,53,4,3,2,1,1,4,0,4,1,27.813
608,0,1,6,8,44,4,4,3,1,1,3,0,2.75,0,24.0835
610,0,1,5,8,34,4,3,1,1,1,4,0,4,0,19.392
611,0,1,4,7,55,4,3,2,1,1,3,0,4,0,28.763
612,0,1,3,8,48,4,3,2,1,1,4,0,4,0,25.471
613,0,1,4,7,22,2,2,2,1,1,5,0,4,0,13.43
615,0,1,1,8,23,1,1,3,1,1,4,1,4,1,13.315
616,0,1,2,8,31,4,3,2,1,1,5,0,3.25,0,17.3565
619,1,1,3,8,44,4,3,3,1,1,5,1,4,0,23.807
620,1,1,7,8,78,4,4,2,1,1,4,0,4,1,40.209
624,0,1,2,7,34,4,4,3,1,1,4,0,4,0,18.9
631,0,1,3,8,32,3,1,2,1,1,4,0,4,0,17.867
634,0,1,3,8,32,2,1,1,1,1,3,1,4,1,17.793
635,0,0,3,8,34,4,4,1,1,1,3,0,4,0,19.014
638,1,0,2,8,30,1,1,3,0,1,3,1,3.25,0,16.0425
641,1,1,2,6,39,5,5,3,1,1,5,0,4,1,21.406
645,0,1,4,8,58,3,3,2,1,1,5,1,4,0,30.257
646,0,1,2,8,39,5,4,3,1,1,5,1,3,1,21.294
652,0,1,3,8,50,5,2,3,1,1,5,1,4,1,26.563
653,1,1,6,8,42,4,3,2,1,1,4,0,4,0,23.352
654,1,1,5,8,49,5,4,3,1,1,4,0,4,0,26.588
656,0,1,5,7,42,4,4,3,1,1,5,0,4,0,23.201
657,0,1,5,7,42,4,4,3,1,1,4,0,4,0,23.166
664,0,1,6,8,32,3,2,2,1,1,5,0,4,0,18.584
666,0,1,3,7,53,4,4,2,1,1,4,0,4,1,27.817
669,0,1,3,8,37,4,4,2,1,1,4,0,4,0,20.51
670,0,1,6,8,51,4,3,3,1,1,4,0,3,0,27.293
672,1,0,3,8,49,4,4,3,1,1,3,0,4,0,26.038
675,0,1,7,8,62,4,4,3,1,1,5,0,4,0,32.861
683,1,1,6,8,72,4,2,2,1,1,5,0,4,0,37.069
685,0,1,6,8,67,2,4,2,1,1,3,0,4,0,34.671
686,0,1,6,8,58,4,3,2,1,1,5,0,4,0,30.69
698,0,1,6,8,58,5,3,3,1,1,5,0,4,0,30.823
699,0,1,6,8,42,3,2,3,1,1,4,0,4,0,23.188
702,0,1,4,8,53,4,4,2,1,1,5,1,4,1,28.181
703,0,1,6,7,42,4,1,2,1,1,5,0,4,0,23.086
705,0,1,4,8,34,4,4,3,1,1,5,1,4,1,19.509
706,0,1,2,8,18,3,4,3,0,1,5,1,3,1,11.028
707,1,1,2,8,37,4,5,3,1,1,5,1,3,0,20.374
708,0,1,6,8,39,5,5,3,1,1,4,0,3.25,1,22.1415
709,0,1,6,8,62,3,2,2,1,1,5,0,4,1,32.401
710,0,1,2,8,46,5,5,3,1,1,3,1,3.25,1,24.5745
711,0,1,3,8,39,4,4,3,1,1,4,0,3.75,1,21.4745
713,1,1,2,8,30,2,2,3,1,1,5,1,4,1,16.974
714,0,1,3,8,62,4,4,1,1,1,4,1,4,0,31.983
716,0,1,2,7,23,4,3,2,1,1,4,0,3,0,13.516
717,0,1,5,8,20,5,4,3,1,1,4,0,4,1,13.283
718,0,1,5,8,37,3,1,3,1,1,5,0,4,1,20.689
719,1,1,5,8,38,4,4,2,1,1,4,0,4,0,21.406
721,0,0,6,8,34,4,2,3,1,1,4,1,4,1,19.659
723,0,1,3,8,50,5,5,3,1,1,4,1,4,1,26.792
724,0,1,6,6,62,1,1,3,1,1,5,0,4,0,31.979
725,0,1,6,8,42,3,2,3,1,1,4,0,4,0,23.188
726,0,1,4,8,46,5,4,3,1,1,4,1,4,1,25.066
727,0,1,5,7,46,3,4,2,1,1,4,0,4,0,24.869
729,1,1,5,7,62,5,3,3,1,1,4,0,4,0,32.383
730,1,1,3,8,40,4,4,2,1,1,5,1,4,1,22.057
731,1,1,6,8,51,4,4,3,1,1,4,0,4,0,27.62
733,0,1,5,8,44,2,2,2,1,1,5,0,4,0,23.81
734,0,1,5,7,42,3,4,3,1,1,5,0,4,0,23.117
735,0,1,2,8,44,5,2,3,1,1,5,0,4,0,23.517
738,0,1,4,8,55,3,2,1,1,1,3,0,4,1,28.673
739,1,1,2,8,34,4,4,3,1,1,4,0,4,0,19.025
740,0,1,6,8,50,2,1,3,1,1,2,0,3.75,1,26.6155
741,0,1,5,7,53,4,4,3,1,1,4,0,4,0,28.215
742,0,1,2,8,55,1,4,3,1,1,5,0,4,1,28.453
743,1,1,2,8,39,5,3,3,0,1,5,1,4,0,20.939
745,1,1,6,7,31,3,3,3,1,1,5,0,4,0,18.219
746,0,1,3,8,46,4,3,2,1,1,4,1,3.75,1,24.5975
747,0,1,2,8,34,3,3,3,1,0,4,1,4,0,18.81
748,0,1,5,8,47,5,4,1,1,1,5,1,4,0,25.613
749,1,1,5,8,34,5,5,3,1,1,5,1,4,1,19.92
751,0,1,5,7,42,4,5,3,1,1,3,0,4,1,23.266
752,0,1,5,8,34,2,1,3,1,1,4,0,3.5,0,19.047
753,0,0,1,8,31,2,2,3,1,1,5,0,3,1,16.914
754,0,1,5,8,39,4,4,3,1,1,3,0,4,0,21.838
755,0,1,4,8,20,5,5,3,1,1,4,0,3.75,0,13.0765
756,0,1,2,8,53,5,4,3,1,1,3,1,4,0,27.801
757,0,1,5,8,31,4,4,3,1,1,4,1,4,1,18.295
758,0,1,5,8,49,4,4,3,1,1,3,1,4,1,26.522
759,0,1,3,8,33,4,4,3,1,1,3,0,4,1,18.735
760,0,1,1,7,18,3,1,3,0,1,4,0,3.75,0,10.5015
761,0,1,3,8,49,4,3,3,1,1,4,0,4,1,26.026
762,0,1,2,7,31,4,2,3,1,1,5,1,3,1,17.278
763,0,1,2,8,46,4,3,3,1,1,5,0,3.75,1,24.4365
764,0,0,2,8,33,3,2,2,0,1,2,1,3.75,1,17.6965
765,0,1,2,7,50,4,4,3,1,1,4,1,4,1,26.338
766,0,1,1,8,46,4,2,2,1,1,5,1,3.5,0,24.052
767,0,1,5,8,42,4,2,3,1,1,3,0,3.25,0,22.8905
768,0,1,3,8,31,4,4,3,1,1,4,1,4,1,17.899
769,0,1,2,7,23,3,2,2,1,1,3,1,3,0,13.356
770,0,1,4,8,32,4,4,2,0,1,5,0,3.75,1,17.9865
771,0,1,5,8,34,4,4,3,0,1,4,0,4,0,19.119
773,0,1,5,8,42,3,1,3,1,1,4,0,4,0,22.902
774,0,1,5,7,18,3,3,2,1,1,4,0,3.25,0,11.7805
775,0,1,1,8,31,3,2,3,1,1,4,1,4,0,17.196
776,0,1,5,8,30,2,1,3,1,1,4,1,4,1,17.404
781,1,1,1,8,56,4,4,2,1,1,3,1,4,1,28.935
782,1,1,3,8,51,4,4,3,1,1,4,0,4,1,27.073
783,1,1,3,8,38,4,4,3,1,1,3,1,4,1,21.118
784,1,1,4,8,55,4,3,3,1,1,4,0,4,1,29.019
785,1,1,4,8,53,4,4,3,1,1,4,1,4,1,28.236
786,1,1,3,8,31,4,2,3,1,1,3,1,4,1,17.729
788,0,1,4,8,43,5,4,2,1,1,2,0,4,1,23.523
789,0,1,2,8,21,4,5,3,1,1,5,0,4,1,13.187
790,0,1,2,8,23,2,2,3,1,1,5,1,4,0,13.673
791,0,1,3,8,42,5,4,3,1,1,3,1,4,1,22.997
792,0,1,2,8,52,4,3,1,1,1,3,0,3.75,1,27.0225
793,0,1,3,8,20,5,5,2,1,1,4,1,4,1,12.973
795,0,1,2,8,44,5,5,3,1,1,5,0,4,1,23.828
797,0,1,4,8,21,3,4,3,1,1,4,1,4,0,13.376
798,0,1,2,8,38,4,2,3,0,1,3,1,3,0,19.999
799,0,1,3,8,27,4,3,3,1,1,5,0,4,1,15.963
800,0,1,3,8,20,3,3,2,1,1,3,1,4,1,12.594
801,0,1,2,8,38,5,5,3,1,1,5,1,4,1,21.121
802,0,1,3,8,34,4,2,2,1,1,3,1,4,0,18.969
804,1,1,2,8,20,3,2,3,1,1,5,0,3.5,0,12.275
805,1,1,7,8,42,5,3,3,1,1,5,1,4,0,23.765
806,0,0,7,8,51,2,3,2,1,1,4,0,4,0,27.437
807,1,1,7,7,60,5,3,3,1,1,4,0,4,0,31.861
808,0,1,2,8,39,3,4,2,1,1,5,0,4,1,21.228
809,0,1,3,8,34,3,3,3,1,1,5,1,4,1,19.139
810,0,1,5,7,48,3,3,3,1,1,5,0,4,1,25.83
813,0,1,6,8,42,3,2,3,1,1,3,0,3.25,1,23.0515
814,0,1,3,8,26,3,4,2,1,1,4,0,4,1,15.424
817,0,1,3,8,40,5,5,3,1,1,4,1,4,1,22.202
818,0,1,4,7,50,5,3,1,1,1,4,1,4,0,26.585
820,0,1,5,7,49,3,2,2,1,1,4,0,4,0,26.07
821,0,1,5,2,42,3,1,2,1,1,5,0,4,0,22.384
822,0,1,3,8,45,4,3,2,1,1,4,1,3,0,23.943
823,0,1,7,7,58,2,2,3,1,1,5,0,4,1,30.644
824,0,1,2,8,18,4,3,2,1,1,5,1,4,1,11.632
825,0,1,1,8,50,5,3,3,1,1,4,1,1,1,25.626
826,0,1,2,8,44,3,2,2,1,1,3,0,3.5,0,23.131
828,0,0,5,8,42,4,3,2,1,1,3,1,4,1,23.137
829,1,1,3,8,44,4,4,3,1,1,2,0,4,0,23.743
830,1,1,1,8,31,1,3,2,1,1,5,1,4,0,17.143
832,0,1,3,8,29,3,4,2,1,1,3,1,4,1,16.813
834,0,1,3,7,42,1,1,2,1,1,4,0,3.25,0,22.0565
835,1,1,2,8,34,5,5,3,1,1,4,0,4,0,19.197
837,0,1,1,8,31,4,2,3,1,1,3,1,3,1,17.094
838,0,1,2,8,22,4,3,2,0,1,5,1,4,1,13.009
839,0,1,2,8,34,5,4,3,0,1,5,0,3.75,1,18.6415
841,0,1,1,8,28,4,3,3,1,1,3,0,4,1,15.956
842,1,0,2,8,33,4,4,3,0,1,4,0,3.75,0,18.0225
843,0,1,5,8,34,5,5,3,1,1,5,1,4,0,19.832
844,0,1,6,8,55,4,4,2,1,1,5,1,4,1,29.495
846,1,1,4,7,49,1,3,3,1,1,3,0,4,0,25.847
848,0,1,4,8,43,5,4,2,1,1,4,0,4,0,23.546
849,0,1,5,7,20,3,2,2,1,1,4,1,4,1,12.853
850,0,1,6,8,42,4,4,3,0,1,4,0,4,0,22.989
852,0,1,1,8,39,4,4,3,1,1,5,1,4,0,21.163
853,0,1,5,8,42,4,2,3,1,1,5,0,4,0,23.109
854,0,1,1,8,22,3,1,3,1,1,4,1,4,1,13.024
855,0,1,2,8,34,5,4,3,1,1,4,1,4,1,19.162
857,0,1,2,7,42,5,4,3,1,1,5,1,4,0,22.738
859,0,1,6,8,46,5,4,3,1,1,4,1,4,1,25.462
860,0,0,6,8,34,4,2,3,1,1,4,0,3.5,0,19.466
861,1,0,3,8,31,4,3,3,1,1,4,1,3.75,1,17.7675
862,0,1,6,8,49,3,1,3,1,1,4,0,3.75,0,26.2635
863,0,1,3,8,23,4,3,2,1,1,4,0,4,0,13.996
865,1,1,3,8,21,2,2,2,1,1,5,0,4,0,12.898
866,0,1,4,8,34,5,5,1,1,1,3,1,4,1,19.513
868,0,1,2,8,36,3,2,1,1,1,5,1,3.5,1,19.574
869,0,1,6,8,62,4,3,2,1,1,4,0,4,0,32.491
870,0,1,5,8,62,5,5,3,1,1,5,0,4,1,32.684
871,0,1,4,7,42,4,3,3,1,1,5,0,4,0,22.915
873,0,1,2,8,30,5,4,3,1,1,4,0,3.75,1,17.2295
874,0,1,3,8,29,4,3,1,1,1,5,0,3,0,16.538
875,0,1,2,8,26,3,2,3,1,1,3,1,2.5,1,14.814
877,0,1,3,8,34,2,3,3,0,1,3,1,4,1,18.526
878,1,1,5,8,27,5,2,3,1,1,2,0,4,1,16.291
879,0,1,6,8,53,4,4,2,1,1,4,0,4,1,28.495
880,1,1,6,7,69,4,4,3,1,1,4,0,3.75,1,35.7955
881,0,1,4,8,34,3,4,3,1,1,4,0,4,0,19.296
882,0,1,2,7,34,5,4,2,1,1,5,1,4,1,19.064
883,0,1,2,8,29,4,1,2,1,1,2,1,4,1,16.4
885,1,1,5,8,55,4,4,3,1,1,4,1,4,1,29.352
886,0,1,3,8,34,4,4,2,1,1,4,1,4,1,19.227
888,0,1,1,8,42,5,3,3,1,1,4,0,4,0,22.454
889,0,1,6,8,30,3,3,3,1,1,4,0,3,0,17.57
890,0,1,3,8,58,4,4,1,1,1,4,0,4,1,30.147
891,0,1,2,8,49,5,4,3,1,1,5,1,4,0,26.035
892,0,1,3,8,42,2,2,3,1,1,5,0,4,1,22.592
893,0,1,3,8,42,4,3,2,1,1,4,0,4,1,22.764
895,1,1,5,8,42,3,3,3,1,1,5,0,4,1,23.201
896,1,1,3,8,43,4,4,2,1,1,5,1,4,1,23.434
897,0,1,2,8,42,5,4,3,1,1,4,0,4,0,22.74
898,0,1,1,8,37,4,2,3,1,1,3,1,3.75,1,19.9965
900,0,1,3,8,33,3,3,2,1,1,5,0,4,1,18.584
901,0,1,7,8,29,3,2,3,1,1,3,0,4,1,17.431
903,0,1,3,8,34,4,3,3,1,1,5,0,4,1,19.176
904,0,1,3,8,51,3,2,2,1,1,4,0,4,0,26.676
905,0,1,4,8,39,5,2,1,1,1,4,0,4,0,21.485
906,0,1,3,8,59,5,5,3,1,1,5,0,4,1,30.911
907,0,1,3,8,42,3,2,3,1,1,3,1,3.5,1,22.554
908,0,1,5,7,53,4,4,3,1,1,5,0,4,0,28.25
911,0,1,6,8,34,4,4,3,1,1,5,0,4,0,19.811
912,0,1,3,8,44,3,2,2,1,1,4,0,4,0,23.463
913,0,1,6,8,56,4,3,3,1,1,5,0,4,0,29.821
915,0,0,4,8,29,5,3,3,1,1,4,0,4,0,17.046
916,0,1,1,8,34,4,4,3,1,1,5,1,4,0,18.868
917,0,1,3,7,23,3,1,3,1,1,4,1,4,1,13.795
918,0,1,3,8,30,4,4,3,1,1,5,0,4,0,17.381
919,0,1,6,8,58,5,4,2,1,1,4,0,4,1,30.874
920,0,1,3,8,42,1,3,1,1,1,4,0,4,1,22.463
921,0,1,3,8,69,5,3,3,1,1,4,0,4,0,35.243
922,0,1,5,8,62,3,3,2,1,1,5,0,3,0,32.046
923,0,1,2,8,53,3,1,3,1,1,5,0,4,0,27.392
924,0,1,4,8,51,4,3,1,1,1,4,1,4,1,27.091
926,0,0,4,8,29,5,5,3,1,1,5,0,4,1,17.304
927,0,1,3,8,44,4,4,3,1,1,4,0,3,1,23.621
928,0,1,3,8,44,4,3,3,1,1,5,0,4,0,23.719
929,0,1,7,8,69,5,4,3,1,1,5,0,4,1,36.205
930,0,1,7,8,57,4,3,3,1,1,5,0,4,0,30.478
931,0,1,5,8,50,4,4,3,1,1,4,0,4,1,26.969
932,0,1,2,8,33,4,3,2,1,1,3,0,3,0,18.155
933,0,1,3,6,42,5,5,3,1,1,5,0,4,1,22.94
934,0,1,3,8,31,4,4,3,1,1,5,0,4,0,17.84
937,0,1,1,7,38,2,2,3,1,1,4,1,4,0,20.241
938,0,1,6,7,60,3,1,3,1,1,4,0,4,0,31.278
939,0,1,4,7,34,4,3,3,1,1,3,0,4,0,19.173
945,0,1,2,8,39,5,1,3,1,1,5,0,4,0,21.134
946,0,1,2,8,49,4,1,1,1,1,3,1,4,1,25.566
947,0,1,3,8,42,4,4,3,1,1,5,0,4,0,22.889
948,0,1,1,8,33,4,4,1,1,1,5,0,4,1,18.311
949,0,1,5,7,38,1,1,1,1,1,4,0,4,0,20.716
952,0,1,5,8,20,5,4,3,1,1,5,0,4,0,13.271
953,0,1,1,3,38,3,2,3,1,1,4,1,3.75,1,19.9865
954,0,1,2,8,50,3,4,3,1,1,5,0,4,1,26.326
955,0,1,6,8,53,5,4,3,1,1,4,0,4,1,28.628
956,0,1,5,8,38,1,3,3,1,1,4,1,3,1,20.97
958,0,1,6,7,53,2,1,2,1,1,4,0,4,0,27.932
959,0,1,2,7,22,4,2,3,1,1,5,0,4,0,13.251
960,0,1,3,8,31,3,4,1,1,1,3,1,2.75,0,17.3875
961,0,1,4,8,52,3,2,3,1,1,5,1,3.75,1,27.4615
962,0,1,3,8,37,4,2,3,1,1,4,0,4,0,20.383
963,0,1,3,8,44,4,5,3,1,1,4,1,4,0,23.907
964,0,1,5,8,23,3,4,3,1,0,5,0,4,0,14.431
965,0,1,2,8,39,4,4,2,1,1,3,0,4,0,21.195
966,0,0,1,8,46,3,1,3,0,1,3,1,4,1,23.511
968,0,1,3,8,53,4,4,2,1,1,3,1,4,1,27.913
969,0,1,4,8,45,4,2,3,1,1,2,1,4,0,24.23
970,0,1,4,8,42,3,2,3,1,1,4,1,4,0,22.839
971,0,1,1,8,33,4,2,1,0,1,5,1,3,1,17.525
972,0,1,4,8,35,2,4,2,1,1,4,1,4,1,19.716
973,0,1,1,8,16,1,1,3,1,1,4,1,3,1,9.904
974,0,1,1,8,44,3,3,3,1,1,3,1,4,1,23.263
975,0,1,2,8,29,5,4,3,1,1,4,1,3,0,16.622
977,0,1,1,8,31,4,3,1,1,1,3,1,3.5,1,17.183
978,0,1,2,8,38,4,4,3,1,1,5,0,3,0,20.657
979,0,1,1,8,38,4,3,3,0,1,4,1,4,1,20.169
981,0,1,4,8,33,4,4,2,0,1,2,0,3,0,18.145
982,0,1,1,8,37,4,3,3,1,1,5,1,4,1,20.204
983,0,1,4,8,39,3,3,2,1,1,5,0,3.5,1,21.437
985,0,0,3,8,26,5,5,3,1,1,3,0,4,1,15.659
986,0,1,2,8,55,5,3,1,1,1,4,0,4,1,28.568
987,0,1,5,8,49,4,2,3,1,1,5,0,4,0,26.322
988,0,1,2,8,44,4,3,3,1,1,4,1,4,1,23.58
994,0,1,5,7,27,4,4,2,1,0,3,0,4,0,16.148
995,0,1,4,8,38,4,3,3,1,1,5,0,4,0,21.163
997,0,1,3,8,42,1,2,3,1,1,4,1,4,1,22.52
999,0,1,6,8,57,3,3,2,1,1,5,0,4,1,30.194
1000,0,1,5,8,52,3,3,3,1,1,4,0,4,1,27.715
1003,0,1,6,8,57,4,3,3,1,1,4,0,4,1,30.292
1004,0,1,7,2,70,5,4,2,1,1,5,0,4,1,36.111
1006,0,1,2,8,39,4,2,3,1,1,5,1,4,0,21.185
1007,0,1,5,7,48,4,3,2,1,1,4,0,3.75,0,25.7335
1013,1,1,5,8,60,5,4,3,1,1,3,0,4,1,31.649
1015,1,1,2,8,43,5,4,3,1,1,5,0,4,1,23.322
1016,1,1,3,8,53,4,2,3,1,1,4,0,4,0,27.768
1017,1,1,5,8,55,4,3,2,1,1,4,0,4,1,29.168
1018,1,1,5,8,67,5,5,3,1,1,5,0,3.25,1,34.8715
1019,1,1,3,8,55,4,4,3,1,1,4,0,4,1,28.909
1020,1,1,2,8,42,3,4,2,1,1,4,0,4,1,22.611
1021,1,1,4,8,44,4,5,3,1,1,4,0,4,1,24.146
1022,1,1,5,8,42,1,1,3,1,1,4,0,4,1,22.822
1023,1,1,7,7,60,5,5,2,1,1,5,0,4,0,32.023
1024,1,1,2,8,48,3,2,3,1,1,2,0,3.75,0,25.0715
1025,1,1,3,8,42,5,4,2,1,1,3,1,4,1,22.989
1026,1,1,3,8,38,4,2,3,1,1,3,1,4,1,20.942
1027,1,1,4,7,62,2,4,3,1,1,4,0,4,1,32.068
1028,1,1,2,7,38,5,3,3,1,1,5,0,4,1,20.855
1029,1,1,3,7,44,4,3,3,1,1,3,0,3.5,0,23.507
1030,1,1,5,8,57,3,3,3,1,1,4,0,4,0,30.004
1031,1,1,4,7,42,4,3,3,1,1,4,0,4,0,22.921
1032,1,1,2,8,32,3,3,3,0,1,3,0,4,1,17.488
1033,1,1,2,8,45,5,5,3,1,1,4,1,3,1,24.142
1034,1,1,7,8,42,4,3,3,1,1,5,0,4,0,23.634
1035,1,1,4,8,52,4,4,3,1,1,4,0,4,0,27.683
1036,1,1,5,8,49,5,4,2,1,1,4,0,4,0,26.539
1037,1,1,5,8,49,3,4,3,1,1,3,0,4,0,26.385
1038,1,1,2,8,34,4,4,2,1,1,5,1,4,1,19.105
1039,1,1,4,7,50,5,4,2,1,1,5,0,4,0,26.751
1040,1,1,7,8,57,3,3,3,1,1,5,0,4,0,30.435
1041,1,1,3,8,50,4,3,3,1,1,3,1,4,1,26.538
1042,1,1,3,8,21,4,4,3,1,1,3,1,4,1,13.315
1043,1,1,5,8,67,5,4,2,1,1,5,0,4,0,34.836
1044,1,1,5,8,53,3,2,2,1,1,3,0,4,0,27.996
1045,1,1,5,8,50,4,4,2,1,1,4,0,4,0,26.914
1046,1,1,5,8,53,5,4,3,1,1,3,0,4,1,28.436
1048,1,1,2,8,50,4,3,3,1,1,5,0,4,1,26.363
1049,1,1,5,8,64,4,3,3,1,1,3,0,4,1,33.313
1055,0,1,2,8,38,5,4,2,1,1,4,0,4,1,20.902
1056,0,1,2,8,22,3,3,2,1,1,5,1,4,1,13.384
1058,0,1,3,8,32,2,5,1,0,1,4,0,3.25,0,17.4785
1059,1,0,4,8,56,1,1,2,1,1,5,0,4,1,29.001
1060,1,1,2,8,67,4,5,3,1,1,4,0,4,1,34.307
1064,0,1,3,8,34,4,5,3,1,1,4,1,4,1,19.364
1066,0,0,2,8,52,4,2,1,1,1,2,1,4,1,26.961
1068,0,1,7,8,57,5,4,2,1,1,5,0,4,1,30.648
1069,0,1,3,8,39,3,2,1,1,1,5,0,4,0,21.154
1070,0,1,2,6,26,4,1,3,1,1,3,1,4,0,14.892
1071,0,1,6,8,55,5,5,2,1,1,5,0,4,1,29.62
1072,0,1,6,8,42,4,4,3,1,1,5,0,4,1,23.53
1073,0,1,7,7,51,4,2,3,1,1,4,0,4,0,27.517
1074,0,1,3,8,45,4,3,3,1,1,5,1,4,1,24.272
1075,0,1,4,8,44,4,4,3,1,1,5,1,4,1,24.099
1077,0,1,3,3,38,5,3,3,1,1,5,0,3.75,1,20.6265
1079,1,1,3,8,33,4,4,3,1,1,4,0,4,0,18.764
1080,0,1,4,8,27,5,4,3,1,1,4,0,4,0,16.251
1081,0,1,5,7,58,3,1,3,1,1,5,1,4,1,30.291
1082,0,1,6,8,67,5,4,3,1,1,5,0,4,0,35.042
1084,0,0,3,6,38,4,4,3,1,1,5,1,4,1,20.944
1085,1,1,4,7,50,4,2,3,1,1,3,0,4,0,26.47
1086,0,1,3,7,49,3,4,3,1,1,3,0,3.75,1,25.8615
1087,0,1,5,7,42,4,3,3,1,1,4,1,4,0,23.125
1089,0,1,6,8,58,4,4,3,1,1,4,0,4,1,30.839
1090,0,1,5,8,34,4,3,2,1,1,4,0,4,0,19.441
1091,0,1,4,8,38,4,2,3,1,1,5,0,4,0,21.075
1093,0,1,4,7,20,4,4,3,0,1,5,0,4,0,12.446
1095,0,1,3,8,53,4,3,2,1,1,4,1,4,0,27.813
1096,0,1,2,8,34,4,3,3,1,1,4,0,4,1,18.943
1097,0,1,4,8,46,3,3,3,1,1,4,0,4,0,24.716
1098,0,1,3,8,39,4,2,3,1,1,4,0,4,1,21.348
1099,0,0,3,8,42,4,4,3,1,1,4,0,4,0,22.819
1100,1,0,6,8,50,1,5,1,1,1,5,1,4,1,26.993
1101,0,1,5,7,50,4,4,3,1,1,4,0,4,1,26.885
1102,0,1,5,8,53,4,3,3,1,1,3,0,4,0,28.176
1103,0,1,6,8,34,3,2,3,1,1,4,0,4,0,19.516
1104,0,1,3,8,39,4,3,3,1,1,5,1,4,1,21.518
1105,0,1,3,8,43,2,2,2,1,1,4,1,4,1,23.014
1107,0,1,5,7,48,2,2,2,1,1,4,0,4,0,25.527
1108,1,1,5,7,48,4,4,3,1,1,5,0,4,0,25.996
1112,0,1,3,8,50,5,5,3,1,1,5,1,4,0,26.78
1114,0,1,3,8,39,5,5,3,1,1,5,0,4,1,21.731
1115,1,1,6,6,60,4,4,3,1,1,4,1,4,1,31.677
1116,0,1,6,8,56,5,3,3,1,1,5,0,4,0,29.905
1119,0,1,3,7,23,4,1,3,1,1,5,1,4,1,13.914
1120,0,1,5,8,52,3,2,3,1,1,4,0,3.75,1,27.5775
1121,1,0,5,7,57,4,3,2,1,1,4,0,3.25,0,29.7715
1122,0,1,3,8,34,4,3,2,1,1,4,0,4,1,19.092
1125,1,1,5,8,49,4,2,1,1,1,3,0,4,0,26.195
1126,1,1,3,8,50,5,3,1,1,1,5,0,4,1,26.547
1127,0,1,5,7,49,3,3,3,1,1,5,1,4,1,26.336
1129,0,1,6,8,49,4,3,2,1,1,5,0,4,0,26.559
1132,0,1,2,8,37,5,4,2,1,1,5,1,3,1,20.327
1134,0,1,1,8,58,4,4,3,1,1,4,1,4,0,29.849
1135,0,1,6,8,56,5,4,2,1,1,5,0,4,0,29.944
1136,0,1,4,8,34,4,3,3,1,1,4,0,4,0,19.292
1137,0,1,3,8,38,3,3,3,1,1,5,1,4,1,20.975
1138,0,1,3,8,34,4,4,2,1,1,4,1,4,1,19.227
1142,0,1,5,8,53,5,4,2,1,1,5,0,4,0,28.369
1143,1,1,4,8,49,4,4,2,1,1,5,0,4,1,26.339
1145,0,1,3,8,58,5,2,3,1,1,5,1,4,0,30.188
1146,0,0,5,8,42,4,4,3,1,1,5,1,4,1,23.344
1147,0,1,1,8,38,2,2,3,1,1,5,1,4,0,20.36
1150,0,1,5,8,57,3,2,2,1,1,5,0,4,0,29.861
1152,0,1,3,7,16,5,2,3,0,1,4,0,4,0,10.285
1154,1,1,7,8,66,4,3,2,1,1,4,0,4,1,34.613
1156,1,1,5,8,67,4,4,3,1,1,5,0,4,0,34.801
1157,1,1,3,8,53,4,4,3,1,1,4,0,4,0,27.944
1159,0,0,1,8,43,5,3,2,1,1,4,1,4,0,22.876
1160,0,1,3,7,42,4,3,3,1,1,5,0,4,0,22.717
1161,0,1,3,8,34,4,4,3,1,1,4,0,4,1,19.229
1162,1,1,5,7,44,4,1,3,1,1,2,0,3,0,23.593
1163,0,1,6,8,46,4,2,1,1,1,5,0,2,0,24.649
1165,0,1,2,7,42,4,2,3,1,1,5,0,4,0,22.431
1167,1,1,6,8,55,5,4,3,1,1,4,1,4,1,29.634
1168,1,1,5,8,53,4,4,3,1,1,4,0,4,0,28.34
1171,0,1,3,8,26,5,2,3,1,1,4,0,4,1,15.465
1172,0,1,5,8,55,3,3,1,1,1,4,0,3,0,28.749
1173,0,1,6,7,52,5,3,2,1,1,5,0,4,0,27.936
1174,0,1,3,7,52,1,2,2,1,1,3,0,4,0,26.848
1175,0,1,5,7,31,5,4,2,1,1,5,0,4,0,18.187
1179,0,1,5,8,53,5,4,2,1,1,4,0,3.5,0,28.235
1180,0,1,5,8,44,4,4,3,1,1,5,0,4,0,24.203
1181,0,1,6,8,54,4,4,2,1,1,3,0,4,0,28.872
1182,0,1,5,8,62,2,1,3,1,1,3,0,4,0,31.963
1183,1,1,5,7,39,3,1,3,1,1,5,0,4,0,21.517
1187,0,1,1,8,32,3,3,2,1,1,3,1,4,1,17.706
1188,0,1,4,8,42,5,4,3,1,1,5,0,4,0,23.171
1192,0,1,6,7,49,4,2,2,1,1,4,1,4,0,26.399
1193,0,1,5,8,39,5,4,1,1,1,5,1,4,1,21.988
1194,0,1,5,8,34,5,5,3,1,1,5,0,4,0,19.785
1195,0,1,3,8,39,4,1,3,1,0,5,0,3,0,21.001
1197,0,1,3,8,50,5,3,3,1,1,5,1,4,1,26.651
1198,0,1,3,7,56,4,4,3,1,1,5,1,4,0,29.278
1199,1,1,5,7,50,5,5,3,1,1,4,0,4,0,27.051
1200,0,1,4,7,37,4,4,3,1,1,4,0,4,0,20.673
1201,0,1,3,7,49,3,4,3,1,1,5,0,4,0,25.934
1202,0,1,6,7,36,4,1,1,1,1,3,0,3.75,0,20.1635
1203,0,1,3,8,34,4,4,3,1,1,4,0,4,0,19.182
1204,0,1,3,8,50,4,4,2,1,1,3,0,4,0,26.442
1206,0,1,2,8,56,4,4,3,1,1,5,0,4,0,29.117
1207,0,1,5,8,42,4,4,3,1,1,5,0,4,0,23.285
1209,1,1,6,8,55,3,3,3,1,1,5,0,4,0,29.319
1210,1,1,3,7,22,3,2,2,1,1,3,0,4,0,13.287
1212,0,1,3,7,48,4,3,3,1,1,4,0,4,0,25.436
1214,0,1,5,7,53,5,4,3,1,1,4,0,4,0,28.299
1215,0,1,6,8,68,5,4,3,1,1,4,0,4,0,35.466
1217,0,1,3,8,45,3,4,2,1,1,5,0,4,0,24.133
1218,0,1,5,8,44,4,4,1,1,1,3,0,4,0,24.035
1219,0,1,5,7,43,4,2,2,1,1,4,0,3,0,23.202
1220,0,1,5,8,46,4,4,3,1,1,3,0,4,0,25.051
1221,0,0,2,7,31,4,3,2,1,1,4,0,3.75,0,17.3015
1222,0,0,5,7,16,4,2,3,1,1,3,0,4,0,10.986
1225,0,1,5,7,49,5,5,3,1,1,5,0,4,1,26.633
1226,0,1,5,8,22,2,1,1,0,0,2,0,3.5,1,12.91
1227,0,1,5,7,62,4,2,2,1,1,5,0,4,0,32.156
1231,0,1,6,8,56,5,4,2,1,1,5,0,4,0,29.944
1233,0,1,2,8,27,4,3,1,1,1,3,0,4,0,15.55
1234,0,1,2,8,34,1,2,3,1,1,3,0,4,0,18.521
1235,1,1,3,8,44,4,4,3,1,1,4,0,4,0,23.813
1241,0,1,3,7,52,1,4,3,1,1,4,1,3.75,1,27.1525
1242,0,1,2,8,29,3,3,3,1,1,5,1,4,1,16.646
1243,0,1,6,8,53,4,4,1,1,1,5,0,4,0,28.434
1244,0,1,5,7,40,5,5,3,1,1,3,0,4,0,22.385
1245,0,1,5,7,42,5,4,3,1,1,5,0,4,0,23.285
1247,0,0,2,8,42,3,2,3,1,1,4,0,3.5,0,22.262
1248,0,1,3,8,52,3,2,3,1,1,3,1,4,0,27.196
1249,0,1,3,8,45,5,4,3,1,1,3,0,4,0,24.28
1250,0,1,6,7,50,5,4,2,1,1,5,0,4,0,27.106
1251,0,1,3,8,53,1,3,3,1,1,4,0,4,0,27.563
1252,0,1,3,8,34,4,4,3,1,1,3,1,4,0,19.194
1253,0,1,3,7,23,3,2,2,1,1,4,0,4,0,13.74
1255,0,1,6,8,56,4,3,3,1,1,5,0,4,0,29.821
1256,0,1,5,7,39,4,5,3,1,1,4,0,4,0,21.877
1257,0,1,2,8,34,3,4,2,0,1,2,0,4,0,18.322
1258,0,1,3,8,33,4,4,3,1,1,5,0,3,0,18.56
1259,0,1,2,8,49,3,4,3,1,1,4,0,4,0,25.785
1260,0,1,3,8,31,4,4,1,0,1,5,1,3,1,17.179
1261,0,1,2,8,23,4,3,3,1,1,4,0,4,0,13.847
1262,0,1,5,7,34,3,2,3,1,1,3,0,4,0,19.199
1263,0,1,2,7,55,1,1,3,1,1,4,0,3.5,0,27.924
1264,0,1,6,8,50,5,5,1,1,1,5,0,4,0,27.229
1265,0,1,3,8,26,4,4,3,1,1,4,0,3,0,15.312
1266,0,1,2,8,39,4,4,3,1,1,3,0,4,0,21.244
1267,0,1,2,7,50,5,5,2,1,1,5,0,1,0,25.808
1268,0,1,3,8,33,2,1,3,1,1,5,0,4,0,18.326
1269,0,1,5,8,38,4,4,2,1,1,3,0,4,0,21.33
1270,0,1,2,8,44,5,4,3,1,1,4,0,4,0,23.658
1271,0,1,3,7,34,4,4,3,1,0,4,0,4,0,19.049
1274,0,1,2,8,39,3,1,3,1,1,3,1,4,0,20.943
1276,1,1,3,0,39,5,4,3,1,1,5,0,4,0,20.965
1278,0,1,1,8,30,2,2,1,1,1,4,0,4,1,16.555
1279,0,1,2,8,38,4,3,3,1,1,3,0,4,0,20.697
1280,0,1,4,8,44,4,2,3,1,1,5,0,3,0,23.631
1283,0,1,6,8,39,4,4,2,1,1,5,0,4,0,22.057
1284,0,0,4,8,34,4,2,3,1,1,5,0,4,0,19.204
1285,0,1,3,7,20,3,2,3,1,1,4,0,4,0,12.412
1286,0,1,5,7,29,5,5,3,0,1,5,0,3.25,0,16.7985
1288,0,1,5,8,37,3,4,3,1,1,3,0,1,0,20.242
1289,1,1,7,8,57,3,2,3,1,1,4,0,4,0,30.312
1290,0,1,1,8,42,4,4,2,0,1,5,1,4,1,22.079
1291,1,1,6,8,55,3,3,3,1,1,4,0,4,0,29.284
1293,0,1,5,7,42,4,4,1,1,1,5,0,3,0,22.905
1294,0,1,3,8,34,1,4,3,1,1,1,0,4,0,18.825
1295,0,1,5,8,31,4,2,3,1,1,3,0,4,0,17.99
1296,0,1,3,8,28,2,2,3,1,1,4,0,3.75,0,16.0345
1299,1,1,3,8,44,5,4,1,1,1,4,0,4,0,23.799
1300,0,1,3,7,31,4,4,1,1,1,5,0,4,0,17.658
1301,0,1,6,8,67,4,4,2,1,1,4,0,4,0,34.874
1303,0,1,7,7,66,4,3,2,1,1,5,0,4,0,34.476
1305,0,0,6,7,23,3,2,2,1,1,3,0,4,0,14.264
1306,0,1,2,7,16,3,2,3,0,1,5,0,4,0,9.954
1307,0,1,2,8,44,4,4,3,1,1,5,1,4,1,23.703
1308,0,1,6,8,42,1,2,3,1,1,5,0,4,0,23.055
1310,0,1,5,7,29,4,4,2,1,1,5,0,3.5,0,17.086
1314,0,1,2,8,42,3,3,3,1,1,5,1,4,0,22.566
1319,1,1,6,8,39,4,4,3,1,1,5,0,4,0,22.147
1320,1,1,6,8,60,3,2,2,1,1,5,0,4,1,31.524
1324,0,1,1,8,36,4,2,3,1,1,5,0,4,0,19.563
1325,1,0,6,8,56,4,4,2,1,1,4,0,4,0,29.831
1326,0,1,6,8,42,5,5,3,1,1,5,0,4,0,23.655
1327,0,1,3,8,46,5,3,2,1,1,5,0,4,0,24.672
1328,0,1,2,8,34,5,4,3,1,1,3,0,3,0,18.835
1330,1,1,4,7,37,3,3,2,1,1,3,0,4,0,20.458
1331,0,1,2,7,34,4,3,3,1,1,4,0,4,0,18.812
1333,0,1,5,7,51,5,4,3,1,1,5,0,3.75,0,27.3665
1339,1,1,3,8,53,4,4,2,1,1,4,0,4,1,27.942
1340,0,1,2,8,42,4,3,1,1,1,5,0,4,0,22.505
1341,0,1,3,8,37,4,4,1,1,1,4,1,4,1,20.555
1344,0,1,3,8,33,4,3,1,1,1,5,0,3.5,0,18.473
1345,0,1,4,7,38,4,2,3,1,1,5,0,2.75,0,20.7435
1346,0,1,6,8,42,4,2,2,1,1,5,0,4,0,23.258
1347,1,1,5,8,55,4,5,2,1,1,4,0,4,0,29.297
1349,0,1,3,8,55,3,1,2,1,1,5,0,3.75,0,28.4095
1350,1,1,2,8,55,5,4,2,1,1,4,0,4,0,28.699
1351,0,0,3,8,58,5,3,3,0,1,2,0,4,0,29.63
1353,0,1,2,7,34,4,4,3,1,1,4,0,4,0,18.9
1356,0,1,6,8,70,5,4,2,1,1,5,0,4,0,36.37
1359,0,1,4,8,34,3,3,3,1,1,4,0,4,0,19.208
1360,1,1,4,8,38,3,4,3,1,1,4,0,4,1,21.22
1364,0,1,4,8,29,4,3,3,1,1,5,0,3.75,0,16.9825
1365,0,1,6,8,56,4,2,3,1,1,5,0,4,1,29.78
1366,0,0,7,7,39,4,4,2,1,1,5,0,4,0,22.136
1371,0,0,6,8,53,4,2,3,1,1,5,0,4,0,28.321
1375,0,1,3,8,44,3,3,3,1,1,4,0,4,0,23.6
1377,0,1,7,8,49,3,1,3,1,1,5,0,4,0,26.546
1378,0,1,3,7,58,3,2,3,1,1,3,0,4,0,29.819
1381,0,0,2,8,42,4,3,3,1,1,5,0,4,0,22.568
1382,0,1,5,8,52,5,4,2,1,1,4,0,4,1,27.922
1383,0,1,4,7,48,4,3,2,1,1,4,0,4,0,25.585
1386,0,1,3,8,45,2,1,3,1,1,4,0,4,0,23.799
1399,0,1,5,7,22,5,3,3,1,1,5,0,4,0,14.017
1400,0,1,3,8,42,5,4,2,1,1,3,0,4,0,22.854
1401,0,1,6,8,55,1,1,1,1,1,4,0,4,0,28.801
1402,0,1,6,8,51,5,5,2,1,1,5,0,4,0,27.737
1404,0,1,6,8,56,4,4,1,1,1,4,0,4,0,29.776
1406,0,1,7,8,60,4,1,2,1,1,5,0,4,1,31.677
1407,0,1,2,8,35,5,4,3,1,1,5,0,4,1,19.609
1408,0,1,5,7,50,5,3,3,1,1,4,0,4,0,26.834
1409,0,1,2,8,34,2,1,1,0,1,4,0,3,0,17.797
1411,0,1,2,8,26,1,1,1,1,1,4,0,4,0,14.698
1414,0,1,3,8,53,1,4,3,1,1,5,0,4,0,27.686
1415,0,1,2,8,31,4,3,3,1,1,3,0,3,0,17.286
1416,0,1,4,7,50,4,2,3,1,1,3,0,4,0,26.429
1417,0,1,2,8,48,4,5,2,1,1,3,0,3.25,0,25.2655
1418,0,1,5,8,43,4,4,2,1,1,5,0,4,0,23.695
1420,0,1,4,8,44,5,5,1,1,1,5,0,4,0,24.079
1421,0,1,6,8,67,5,4,3,1,1,4,0,4,0,35.007
1422,0,1,7,8,60,4,4,3,1,1,4,0,4,0,31.908
1424,0,1,6,8,57,4,5,3,1,1,4,0,4,0,30.421
1425,0,1,2,8,49,4,2,3,1,1,5,0,4,0,25.728
1426,0,1,3,7,49,3,1,3,1,1,5,0,1,0,25.076
1427,0,1,5,7,34,3,2,2,1,1,5,0,4,0,19.22
1428,0,1,4,7,42,4,2,3,1,0,4,0,3.75,0,22.6935
1431,0,1,4,8,56,5,4,3,1,1,5,0,4,0,29.597
1437,0,1,4,8,28,3,2,3,0,1,5,0,4,0,15.942
1438,0,1,3,8,57,5,3,3,1,1,5,0,3.75,0,29.7205
1439,0,1,7,7,78,4,3,3,1,1,4,0,4,0,39.998
1440,0,1,3,8,46,5,4,3,1,1,4,0,3.75,0,24.7245
1443,0,1,5,7,42,2,1,2,1,1,5,0,4,0,22.72
1444,0,1,6,8,69,4,4,3,1,1,4,0,4,0,35.841
1446,0,1,6,8,44,5,4,3,1,1,5,0,4,1,24.532
1448,0,1,6,7,53,4,4,3,1,1,5,0,4,0,28.448
1449,0,1,2,7,60,4,3,3,0,1,5,0,4,0,30.322
1450,0,1,2,8,21,4,4,3,1,1,4,1,3,0,12.866
1451,0,1,5,7,42,4,1,3,1,1,2,0,4,0,22.832
1452,0,1,4,8,35,4,4,2,1,1,5,0,4,1,19.872
1453,0,1,5,8,51,5,5,3,1,1,3,0,4,0,27.518
1455,0,1,3,8,39,2,4,2,1,1,4,0,4,0,21.26
1457,0,1,2,8,53,5,5,3,1,1,5,0,4,0,27.912
1458,0,1,5,7,42,5,3,3,1,1,3,0,4,0,23.127
1459,0,0,1,8,22,5,4,3,1,1,5,0,4,0,13.362
1460,0,0,5,8,55,4,2,3,1,1,3,0,4,0,28.971
1461,0,1,6,8,56,3,2,3,1,0,4,0,4,0,29.565
1462,0,1,6,7,56,5,4,3,1,1,5,0,4,0,29.909
1463,0,1,4,8,56,3,3,1,1,1,4,0,4,0,29.208
1465,0,1,3,8,42,3,3,3,1,1,3,1,4,1,22.741
1466,0,1,2,8,29,3,2,3,1,0,3,0,4,0,16.345
1467,0,1,7,8,52,5,4,3,0,1,4,0,4,0,27.861
1468,0,1,1,8,31,3,2,2,1,1,4,0,4,0,17.1
1469,0,1,4,8,29,5,4,3,1,1,4,0,4,0,17.169
1470,0,1,6,8,42,2,3,3,1,1,5,0,4,0,23.227
1471,0,1,4,8,42,4,5,2,1,1,5,1,4,0,23.173
1472,0,1,2,3,49,4,4,3,1,1,4,1,4,1,25.543
1474,0,1,2,8,48,5,4,3,1,1,3,0,4,1,25.506
1475,0,0,1,8,32,4,1,3,1,1,3,1,1,1,17.034
1481,0,1,6,8,50,5,5,3,1,1,5,0,4,0,27.327
1486,0,1,6,8,67,3,2,2,1,1,5,0,4,0,34.649
1489,0,1,3,8,44,4,3,3,1,1,4,0,4,1,23.731
1491,0,1,3,8,29,5,2,3,1,1,4,0,4,0,16.795
1499,0,1,3,8,39,3,3,3,1,1,4,0,4,0,21.305
1501,0,1,6,8,50,5,2,2,1,1,4,0,4,0,26.979
1505,1,1,6,8,42,3,1,3,1,1,4,0,4,1,23.188
1510,1,1,4,8,58,4,4,3,1,1,5,0,4,0,30.472
1512,1,1,2,7,39,3,4,3,1,1,5,0,4,0,21.187
1513,1,1,2,8,39,3,2,3,1,1,3,0,4,0,21.025
1517,1,1,5,7,51,5,3,3,1,1,5,0,4,0,27.369
1522,1,1,5,8,55,3,3,3,1,1,4,0,4,0,29.086
1523,1,1,6,8,57,5,4,3,1,1,5,0,4,0,30.493
1526,1,1,5,8,53,1,4,3,1,1,5,0,4,0,28.123
1529,1,1,1,8,34,5,5,3,1,1,5,0,4,1,19.081
1530,1,1,4,7,38,5,4,3,1,1,4,0,4,0,21.257
1531,1,1,6,8,42,3,1,3,1,1,4,0,4,1,23.188
1534,1,1,5,8,53,4,3,3,1,1,4,0,3.75,0,28.2025
1535,1,1,6,8,51,5,5,3,1,1,5,0,4,0,27.827
1537,1,1,7,8,56,4,4,3,1,1,4,0,4,0,30.113
1539,1,1,5,7,56,5,3,3,1,1,3,0,4,0,29.594
1542,1,1,3,7,39,3,2,3,1,1,5,0,4,0,21.209
1544,1,1,2,8,42,5,5,3,1,1,4,1,4,1,22.963
1546,1,1,4,8,34,3,3,3,1,1,4,0,3.75,0,19.1995
1551,1,1,8,8,57,5,4,2,1,1,5,0,4,0,30.84
1553,1,1,5,8,34,3,3,1,1,1,4,0,3.5,0,19.25
1554,1,1,4,7,42,3,3,2,1,1,4,0,3,0,22.59
1555,1,1,6,8,78,4,4,3,1,1,5,0,4,1,40.095
1558,1,1,3,8,39,3,2,2,1,1,4,0,4,0,21.209
1561,0,1,5,8,20,1,4,1,1,1,5,0,4,0,12.837
1562,0,1,6,7,20,5,4,2,1,1,5,0,4,1,13.383
1565,0,1,5,7,26,3,4,3,1,1,5,0,3.75,0,15.7235
1566,0,1,3,8,21,5,4,3,1,1,3,0,4,0,13.264
1567,0,1,3,8,42,4,3,1,1,1,4,1,3.75,0,22.6655
1572,0,0,1,8,22,5,3,3,1,1,5,0,4,0,13.274
1573,0,1,2,8,44,3,3,1,1,1,5,1,4,0,23.386
1574,0,1,6,8,49,2,3,3,1,1,4,0,3,0,26.207
1576,0,1,2,8,46,4,4,2,0,1,5,0,4,0,24.019
1579,1,1,2,8,53,4,3,3,1,1,4,1,4,1,27.752
1581,0,1,3,8,39,5,4,2,1,1,5,0,4,1,21.594
1582,0,1,4,8,44,5,4,3,1,1,4,0,4,0,24.054
1584,0,1,2,8,42,4,4,3,0,1,5,0,4,0,22.232
1585,0,1,4,7,34,2,1,2,1,1,2,0,4,0,18.745
1586,0,1,3,8,38,3,3,3,1,1,3,1,4,1,20.905
1587,0,1,4,8,51,3,2,3,1,1,3,0,4,0,26.888
1588,0,1,5,7,26,5,5,3,1,1,5,0,3.75,0,15.9795
1589,0,1,5,8,45,5,5,3,1,1,5,0,4,0,24.834
1590,0,1,6,8,49,3,2,3,1,1,4,0,4,0,26.401
1592,0,1,6,7,48,4,3,3,1,1,3,0,4,0,25.995
1593,0,1,5,7,39,5,2,3,1,1,4,0,4,0,21.697
1594,0,1,5,7,45,1,2,3,0,1,4,0,4,1,23.703
1596,0,1,5,8,42,4,4,2,1,1,4,0,4,0,23.201
1598,0,1,5,7,50,5,4,3,1,1,5,0,4,0,26.957
1600,0,1,3,8,39,4,4,2,1,1,4,0,4,0,21.428
1602,0,1,6,7,44,5,4,1,1,1,5,0,4,0,24.303
1604,1,1,6,8,57,3,4,3,1,1,4,0,4,0,30.29
1607,1,1,3,7,20,4,3,3,1,1,5,0,4,0,12.66
1608,0,1,2,2,44,4,3,3,1,1,5,0,4,1,23.064
1609,0,1,2,8,39,5,5,2,1,1,5,0,4,0,21.437
1610,0,1,2,8,42,5,5,2,1,1,5,0,4,0,22.814
1613,0,0,3,8,42,4,2,3,1,1,4,1,4,0,22.69
1616,0,1,3,8,39,4,2,3,1,1,5,0,4,0,21.336
1620,1,1,3,8,50,5,4,2,1,1,5,0,4,0,26.637
1621,1,1,5,8,64,4,4,3,1,1,5,0,3.5,0,33.325
1624,1,1,4,8,46,4,4,3,1,1,4,1,4,1,25.023
1629,0,1,3,8,39,3,3,3,1,1,3,0,3,0,21.072
1634,0,1,6,8,55,5,4,1,1,1,4,0,4,1,29.448
1635,0,0,3,7,42,4,2,3,1,1,2,0,4,0,22.489
1636,0,1,2,8,38,3,3,3,1,1,5,0,4,0,20.683
1638,0,0,5,7,50,5,2,2,1,1,4,0,4,0,26.662
1640,0,1,2,8,50,5,5,2,1,1,5,1,4,1,26.58
1641,0,1,2,8,44,4,5,2,1,1,4,0,3.75,0,23.5635
1642,0,1,5,7,49,2,2,3,1,0,4,0,4,0,25.986
1643,0,1,5,7,53,4,3,3,1,1,3,0,3,0,27.894
1646,0,1,2,8,31,4,4,2,1,1,4,1,4,1,17.652
1648,0,1,6,8,51,4,4,2,1,1,3,0,4,0,27.495
1649,0,1,5,7,16,4,2,3,0,1,4,0,4,0,10.597
1651,0,1,5,7,34,2,2,3,1,1,5,0,4,0,19.185
1652,0,1,3,7,50,4,2,2,1,1,4,0,3,0,26.019
1653,0,1,5,8,37,4,1,3,1,1,4,0,4,0,20.691
1654,0,1,2,8,42,4,5,2,0,1,4,0,4,1,22.283
1655,0,1,5,7,49,5,3,3,1,1,4,0,4,0,26.375
1656,0,1,6,8,51,3,1,3,1,1,5,0,4,0,27.266
1662,0,1,6,8,42,5,4,1,1,1,5,0,4,0,23.469
1663,0,1,6,8,34,4,2,3,1,1,4,0,4,0,19.6
1664,0,1,5,7,39,3,3,2,1,1,4,0,3,0,21.37
1665,0,1,5,7,58,2,2,2,1,1,4,0,4,0,30.117
1666,0,1,6,8,46,5,4,1,1,1,5,0,4,0,25.305
1667,0,1,3,8,37,3,3,2,0,1,4,0,3,0,19.681
1668,0,1,6,8,31,3,5,3,1,1,3,0,2,0,17.972
1669,0,1,5,7,55,4,2,1,1,1,3,0,4,0,28.824
1670,0,1,6,8,34,4,2,2,1,1,5,0,3,0,19.388
1671,0,1,6,7,31,3,1,3,1,1,5,0,4,0,18.002
1672,0,1,5,8,62,4,2,3,1,1,4,0,4,0,32.254
1673,0,1,5,8,46,3,3,2,0,1,4,0,3,0,24.208
1674,0,1,6,8,50,2,1,1,1,1,4,0,4,0,26.59
1675,0,1,6,8,56,4,3,3,1,1,4,0,4,0,29.786
1676,0,1,6,7,44,4,2,2,1,1,4,0,4,0,24.057
1677,0,1,6,8,44,4,3,1,1,1,4,0,4,0,24.18
1678,0,1,6,8,62,3,2,2,1,1,4,0,3,0,32.121
1679,0,1,8,8,38,4,5,3,1,1,4,0,4,0,22.096
1680,0,1,6,8,70,4,3,3,1,1,3,0,3,0,35.979
1681,0,0,5,6,38,2,1,3,0,1,2,0,3.25,0,20.1015
1683,0,1,5,8,50,3,3,2,1,1,5,0,4,0,26.736
1686,0,1,6,8,50,4,2,2,1,1,5,0,4,0,26.93
1692,0,1,3,8,53,5,5,3,1,1,4,0,3.5,1,28.023
1693,0,1,6,7,56,5,2,2,1,1,5,0,3.75,0,29.6345
1694,0,1,3,8,55,4,4,1,1,1,5,0,4,0,28.758
1695,0,1,5,8,49,4,4,3,1,1,5,0,4,0,26.498
1696,0,1,6,6,60,2,2,3,1,1,5,0,4,0,31.233
1698,0,1,6,8,46,3,2,3,1,1,4,0,4,1,25.071
1699,0,1,6,8,50,5,3,3,1,1,4,0,3,0,26.918
1700,0,1,5,7,29,3,1,2,1,1,5,0,4,1,16.884
1701,0,1,5,8,51,3,2,2,1,1,4,0,4,0,27.072
1702,0,1,8,8,66,4,3,2,1,1,5,0,4,0,34.758
1703,0,1,5,8,37,1,1,2,1,1,5,0,4,0,20.425
1704,0,1,6,8,51,3,3,2,1,1,3,0,3,0,27.125
1706,0,1,4,7,18,3,2,3,1,1,2,0,4,0,11.622
1707,0,1,6,8,51,4,4,2,1,1,4,0,4,1,27.577
1708,0,1,6,7,50,4,4,3,1,1,5,0,4,0,27.071
1709,0,1,1,8,38,3,1,3,1,1,2,1,2,0,19.855
1710,0,1,3,7,33,4,4,3,1,1,4,0,4,0,18.639
1711,0,1,5,7,31,5,3,3,1,1,4,0,4,0,18.113
1712,0,1,6,7,49,4,4,2,1,1,4,0,4,0,26.528
1713,0,1,5,7,55,4,2,1,1,1,3,0,3.5,0,28.725
1715,0,1,2,8,20,4,5,3,1,1,3,1,4,0,12.658
1717,0,1,1,8,38,3,3,3,1,1,5,0,3.25,0,20.3365
1718,0,1,6,7,38,1,1,1,1,1,3,0,3.75,0,20.8295
1719,0,1,6,8,66,4,3,2,1,1,5,0,3,0,34.164
1720,0,1,5,7,49,5,4,2,1,1,4,0,3,1,26.263
1721,0,1,6,8,51,5,4,3,1,1,4,0,4,0,27.663
1722,0,1,3,8,35,4,3,3,1,1,4,0,3,0,19.355
1723,0,0,5,8,43,2,2,3,0,1,5,1,4,1,23
1724,0,1,5,7,26,4,4,2,1,1,4,0,3.75,0,15.7235
1725,0,1,3,8,43,5,5,2,1,1,4,0,4,0,23.436
1726,0,1,6,8,49,5,5,3,1,1,4,0,4,0,26.833
1727,0,1,5,8,50,4,4,3,1,1,5,0,4,1,27.004
1728,0,1,2,7,30,3,3,2,1,1,2,0,1.5,0,16.278
1729,0,1,5,8,58,5,4,3,1,1,5,0,4,0,30.713
1730,0,1,6,8,46,4,2,2,1,1,3,0,4,0,25.024
1731,0,1,2,8,41,5,5,2,1,1,5,0,4,0,22.355
1732,0,1,6,8,18,4,3,2,1,1,5,0,4,0,12.33
1733,0,1,6,8,50,4,2,1,1,1,5,0,4,0,26.881
1734,0,1,6,8,42,4,4,3,1,1,4,0,4,0,23.448
1736,0,1,6,8,50,5,4,1,1,1,5,0,4,1,27.188
1737,0,1,6,7,30,2,2,3,1,1,5,0,4,0,17.547
1738,0,1,6,7,42,4,4,1,1,1,4,0,3,0,23.068
1739,0,1,6,8,57,5,4,3,1,1,4,0,4,0,30.417
1740,0,1,4,7,45,5,4,2,1,1,3,0,2.5,0,24.048
1741,0,1,6,8,50,2,4,2,1,1,3,0,4,0,26.868
1742,0,1,4,7,30,3,2,2,1,1,3,0,4,0,17.116
1747,0,1,3,6,38,3,3,3,1,1,5,0,4,0,20.713
1748,0,0,1,8,21,3,3,3,1,1,4,0,3.75,0,12.5625
1763,0,1,5,7,50,4,3,1,1,1,3,0,3.75,1,26.6145
1770,0,1,6,7,51,4,3,2,1,1,5,0,4,0,27.393
1772,1,1,6,7,20,3,1,2,1,1,4,0,3,0,12.712
1773,1,1,2,7,56,1,5,3,1,1,3,0,3.75,0,28.7905
1774,1,1,1,8,43,4,3,3,1,1,4,1,3,1,22.766
1775,1,1,6,7,34,3,3,1,1,1,4,0,2.75,1,19.2625
1776,1,1,4,8,51,4,4,1,1,1,5,0,4,0,27.161
1777,1,1,6,8,62,4,4,3,1,1,3,0,3,0,32.436
1778,1,1,5,7,42,3,2,2,1,1,3,0,4,0,22.863
1783,0,1,6,8,34,4,3,2,1,1,4,0,4,0,19.639
1784,0,1,6,8,54,4,4,2,1,1,4,0,4,1,28.954
1786,0,1,6,8,72,3,2,2,1,1,4,0,4,0,36.909
1789,1,1,6,8,34,4,3,3,1,1,4,0,4,0,19.729
1790,0,1,8,8,78,5,4,2,1,1,4,0,3.25,1,40.3015
1792,0,1,2,7,34,3,2,3,1,1,4,1,4,1,18.734
1795,1,1,4,8,49,4,4,3,1,1,4,0,4,1,26.353
1796,1,1,4,7,66,4,4,1,1,1,4,0,4,0,33.927
1797,0,1,6,8,38,4,2,3,1,1,4,0,4,0,21.436
1798,0,1,2,7,22,3,2,3,0,1,3,0,4,0,12.638
1799,0,1,2,8,37,2,2,2,1,1,4,0,3.75,0,19.9185
1801,0,0,2,8,20,3,3,2,1,1,5,0,3,0,12.139
1802,0,1,3,8,39,1,1,2,1,1,4,1,4,0,20.959
1803,0,1,3,8,55,3,3,3,1,1,4,1,4,1,28.743
1804,0,1,6,8,52,3,2,3,1,1,4,0,4,0,27.778
1805,0,1,5,7,55,5,3,3,1,1,5,0,4,0,29.164
1806,0,1,7,8,60,4,3,2,1,1,4,0,4,0,31.771
1808,0,1,5,7,51,4,4,1,1,1,5,0,4,0,27.234
1809,0,1,6,8,42,3,2,3,1,1,4,0,4,0,23.188
1810,0,1,6,8,42,4,3,3,1,1,3,0,4,0,23.325
1811,0,1,6,8,58,4,4,3,1,1,5,0,4,0,30.827
1813,0,1,2,8,52,4,3,3,1,1,4,0,3.5,0,27.059
1814,0,0,2,8,56,5,5,3,1,1,5,1,4,1,29.348
1815,0,1,5,8,42,4,4,3,1,1,3,0,3.5,0,23.116
1816,0,1,3,8,38,4,1,3,1,1,5,0,4,1,20.836
1817,0,1,6,6,42,3,3,2,1,1,4,0,4,0,23.059
1818,0,1,5,7,49,4,3,3,1,1,4,0,4,0,26.291
1819,0,1,6,8,50,4,3,1,1,1,4,0,4,0,26.934
1821,0,1,5,7,58,4,3,1,1,1,5,0,4,0,30.359
1822,0,1,2,8,52,4,5,3,1,1,5,0,4,0,27.369
1827,0,0,2,8,37,5,3,2,1,1,5,0,4,0,20.308
1829,0,1,5,7,50,3,2,3,1,1,3,0,3.5,0,26.444
1830,0,1,5,8,20,5,5,2,1,1,5,0,4,0,13.31
1831,0,1,5,8,58,2,3,2,1,1,5,0,4,0,30.324
1832,0,1,1,8,39,3,1,3,0,1,2,1,4,0,20.251
1833,0,1,5,7,60,5,3,3,1,1,4,0,4,0,31.424
1835,0,1,2,8,34,4,4,3,1,1,3,1,4,0,18.996
1836,0,1,3,8,53,4,4,3,1,1,3,0,3,0,27.67
1837,0,1,5,7,50,1,1,3,1,1,3,0,4,0,26.287
1838,0,1,1,8,31,4,4,3,0,1,3,1,4,0,16.962
1839,0,1,5,7,50,4,3,2,1,1,5,0,3.75,0,26.6865
1840,0,1,6,8,46,2,2,3,1,1,4,0,4,0,24.94
1842,0,1,3,8,42,3,2,3,1,1,3,1,4,1,22.653
1843,0,1,5,7,60,5,4,3,1,1,4,0,3.75,0,31.4625
1844,0,1,3,8,58,4,5,3,1,1,4,1,4,1,30.38
1845,0,1,6,8,31,3,2,3,1,1,4,0,3,0,17.941
1846,0,1,6,8,50,3,4,3,1,1,4,0,4,0,27.036
1847,0,1,5,7,42,4,3,3,1,1,4,0,4,0,23.078
1848,0,1,3,8,51,5,4,2,1,1,4,0,4,0,27.02
1849,0,1,5,8,38,4,3,1,1,1,4,0,4,0,21.228
1850,0,1,5,7,42,2,2,3,1,1,4,0,4,0,22.822
1852,0,1,2,8,56,5,3,3,1,1,5,0,4,0,29.113
1853,0,1,3,7,37,3,2,3,1,1,3,0,4,0,20.18
1854,0,1,3,8,42,4,3,2,1,1,2,1,4,1,22.741
1855,0,1,4,8,50,4,4,3,1,1,5,0,4,0,26.759
1856,0,1,6,8,49,4,3,3,1,1,4,0,4,0,26.573
1857,0,1,4,8,62,4,4,3,1,1,4,0,4,0,32.232
1858,0,1,6,8,62,4,3,3,1,1,5,0,3.5,0,32.476
1859,0,1,3,8,34,5,2,3,1,1,3,0,4,0,19.055
1861,0,1,6,7,42,3,3,2,1,1,5,0,4,0,23.178
1862,0,1,5,7,55,5,3,3,1,1,5,0,4,0,29.164
1863,0,1,5,7,37,3,2,2,1,1,5,0,4,0,20.597
1864,0,0,6,8,50,4,3,3,1,1,4,0,4,0,26.997
1865,0,1,5,8,50,4,4,3,1,1,5,0,4,0,26.957
1866,0,1,5,8,38,4,5,3,1,1,5,0,4,0,21.537
1867,0,1,3,8,56,4,4,2,1,1,4,0,4,0,29.231
1868,0,1,6,8,49,3,3,3,1,1,4,0,4,0,26.489
1869,0,1,5,7,45,3,3,2,1,1,5,0,4,0,24.357
1870,0,1,2,8,34,4,4,2,1,1,4,0,4,0,18.935
1871,0,1,5,8,46,5,5,3,1,1,4,0,3,0,25.06
1873,0,1,3,8,46,5,3,3,1,1,5,0,3,0,24.523
1875,0,0,7,7,42,4,4,2,1,1,4,0,4,0,23.478
1876,0,1,2,8,53,4,4,2,1,1,4,0,4,0,27.656
1877,0,1,3,7,44,1,1,1,1,1,3,1,4,1,23.133
1878,0,1,6,8,34,2,3,3,1,1,4,0,4,0,19.52
1879,0,1,2,8,38,3,3,3,1,1,4,0,4,0,20.648
1881,0,1,3,8,42,1,1,3,1,1,5,1,4,1,22.467
1882,0,1,6,8,56,5,2,3,1,1,4,0,4,0,29.782
1883,0,1,2,8,39,4,4,3,1,1,5,0,4,0,21.314
1886,0,1,6,8,56,4,2,2,1,1,5,0,4,0,29.684
1887,0,1,5,8,39,5,5,3,1,1,2,1,4,1,22.069
1893,0,1,5,7,49,3,2,1,1,1,5,0,3.75,0,26.0065
1895,0,1,5,8,34,4,4,2,1,1,4,0,3,1,19.378
1896,0,0,5,8,38,5,4,3,1,1,3,0,4,0,21.428
1897,0,1,5,8,20,5,3,3,1,1,4,0,4,0,13.148
1898,0,1,6,8,42,4,3,3,1,1,3,0,4,0,23.325
1899,0,1,3,8,48,4,3,2,1,1,5,0,4,0,25.506
1901,0,1,5,8,39,3,3,3,1,1,3,0,4,1,21.713
1902,0,1,3,8,55,2,2,3,1,1,5,1,4,1,28.606
1903,0,1,6,8,56,4,2,2,1,1,3,0,4,0,29.614
1904,0,1,6,8,41,3,3,2,1,1,4,0,4,0,22.768
1905,0,1,6,8,42,5,4,2,1,1,5,0,4,1,23.565
1908,0,1,5,8,34,3,2,3,1,1,4,1,4,0,19.365
1909,0,1,2,7,50,5,4,2,1,0,4,0,4,0,26.23
1910,0,1,4,8,62,4,4,2,1,1,4,0,4,0,32.183
1911,0,1,2,8,27,4,4,2,0,1,4,1,3,1,15.159
1912,0,1,3,8,34,3,2,3,1,1,2,1,4,1,18.946
1913,0,1,5,8,31,4,4,2,1,1,4,0,4,0,18.152
1914,0,1,5,8,36,3,3,2,1,1,4,1,4,1,20.369
1915,0,1,5,7,62,4,2,3,1,1,5,0,4,0,32.205
1917,0,1,6,8,42,3,4,3,1,1,4,0,4,0,23.364
1918,0,1,6,8,66,5,5,2,1,1,5,0,4,0,34.622
1919,0,1,6,8,62,4,2,3,1,1,4,0,4,0,32.452
1920,0,1,1,8,42,4,4,3,1,1,3,0,4,0,22.423
1921,0,1,6,8,51,4,4,2,1,1,4,0,4,0,27.53
1922,0,1,7,7,44,5,4,3,1,1,4,0,4,0,24.564
1923,0,1,3,7,55,5,4,3,1,1,3,1,4,1,28.88
1924,0,1,3,8,53,3,2,2,1,1,5,0,4,0,27.629
1925,0,1,6,8,50,4,1,3,1,1,5,0,3.5,1,26.839
1927,0,1,4,8,51,3,3,3,1,1,4,0,3.5,0,26.912
1930,0,1,3,8,34,3,2,3,1,1,4,0,4,1,18.969
1931,0,1,3,8,34,4,3,3,1,1,4,0,4,0,19.094
1932,0,1,6,8,46,4,4,2,1,1,4,0,4,0,25.235
1933,0,1,5,8,53,5,3,2,1,1,3,0,3.5,0,28.112
1934,0,1,6,8,58,4,3,2,1,1,5,0,4,0,30.69
1935,0,1,3,8,39,4,2,2,0,1,5,1,4,1,20.922
1936,0,1,3,8,39,3,3,3,1,1,3,0,4,0,21.27
1937,0,1,6,7,34,3,2,3,1,1,5,0,4,0,19.467
1941,0,1,2,8,39,1,2,1,0,1,5,1,4,1,20.423
1944,0,1,4,7,35,4,4,2,1,1,5,1,4,1,19.835
1947,0,1,5,7,23,3,3,3,1,1,5,1,4,0,14.355
1951,0,1,2,8,39,4,4,2,1,1,5,0,4,0,21.265
1952,0,1,3,8,34,4,4,2,1,1,3,1,3.5,1,19.093
1953,0,1,6,8,69,4,3,2,1,1,4,0,4,0,35.704
1954,1,1,3,8,33,4,4,3,1,1,4,0,4,0,18.764
1955,1,1,4,7,50,5,4,2,1,1,4,0,4,0,26.716
1956,1,1,4,8,31,4,1,3,1,1,4,0,4,0,17.78
1958,1,1,6,8,53,5,5,3,1,1,4,1,4,1,28.804
1959,1,1,6,8,51,3,2,2,1,1,3,0,3.5,0,27.177
1960,1,1,5,7,58,4,4,1,1,1,5,0,4,0,30.488
1961,1,1,5,7,46,4,3,3,1,1,4,0,4,0,24.955
1964,1,1,6,8,62,4,3,3,1,1,5,0,3.75,0,32.5665
1966,1,1,3,8,49,4,3,2,1,1,4,1,4,1,26.065
1968,0,1,3,8,40,5,4,1,1,1,5,0,4,1,22.004
1970,0,1,6,8,42,4,3,2,1,1,5,0,4,0,23.346
1971,0,1,3,7,36,4,1,3,1,1,4,0,3.75,0,19.7025
1973,0,1,5,8,52,5,4,3,1,1,4,0,4,0,27.924
1974,0,1,6,7,23,3,1,3,1,1,4,0,4,0,14.295
1975,0,1,6,8,42,5,3,2,1,1,4,0,4,0,23.395
1976,0,1,5,8,34,5,3,2,1,1,5,0,4,0,19.56
1978,1,1,6,3,78,2,2,3,1,1,5,1,3.75,1,39.3285
1979,1,1,4,8,34,1,3,1,1,1,4,0,4,0,18.983
1980,1,1,5,8,56,5,5,3,1,1,5,0,4,0,29.924
1981,1,1,5,7,46,1,4,1,1,1,5,0,4,0,24.728
1983,0,1,2,8,50,5,4,2,1,1,5,0,4,1,26.445
1984,0,1,3,8,37,5,4,3,1,1,5,0,4,0,20.678
1987,0,1,4,7,23,4,4,3,1,1,5,0,4,0,14.282
1989,0,1,6,7,42,5,4,3,1,1,5,0,4,0,23.483
1991,0,1,5,8,40,5,4,2,1,1,4,0,3,1,22.216
1992,0,0,3,7,39,5,1,2,1,1,4,0,4,0,21.129
1993,0,0,5,8,30,4,4,2,1,1,5,0,4,1,17.74
1994,0,1,4,8,53,4,4,3,1,1,4,0,4,0,28.101
1995,1,1,2,8,42,4,4,2,1,1,5,0,3,0,22.485
1996,0,1,5,8,35,5,4,1,1,1,5,0,4,0,20.058
1997,1,1,3,8,39,4,5,3,1,1,5,0,4,1,21.688
1998,0,1,3,8,29,4,2,2,1,1,5,1,3.75,1,16.7415
2004,0,1,3,8,50,4,4,3,1,1,5,0,4,0,26.561
2005,0,1,6,8,42,5,4,3,1,1,5,0,4,1,23.614
2007,0,1,3,8,34,3,3,3,1,1,5,0,4,1,19.092
2009,0,1,8,7,69,4,4,3,1,1,4,0,4,0,36.153
2011,0,1,3,8,42,4,3,2,1,1,4,1,4,0,22.764
2012,0,1,3,7,23,4,2,2,1,1,5,1,4,1,13.953
2026,0,1,4,7,72,4,2,3,1,1,4,0,4,0,36.562
2031,0,1,6,7,38,4,2,3,1,1,5,0,3.75,0,21.3375
2033,0,1,5,7,34,5,5,3,1,1,5,0,4,0,19.701
2034,0,1,6,8,42,3,3,1,1,1,4,0,4,0,23.178
2036,0,1,3,8,32,4,4,1,1,1,4,0,4,0,18.166
2037,0,1,6,7,56,4,3,3,1,1,4,0,4,0,29.702
2040,0,1,6,8,78,1,1,3,1,1,5,0,4,0,39.491
2041,0,1,6,8,57,5,4,2,1,1,5,0,4,0,30.403
2042,0,1,1,8,38,5,4,3,1,1,5,0,4,0,20.741
2044,0,1,8,8,62,5,5,3,1,1,5,0,4,0,33.231
2046,0,1,4,8,53,5,5,2,1,1,3,0,4,0,28.189
2047,0,1,6,8,44,4,3,2,1,1,5,0,4,0,24.264
2048,0,1,5,7,42,4,3,2,1,1,5,0,3.75,0,23.0145
2051,0,1,4,8,42,5,4,3,1,1,5,0,4,0,23.171
2053,0,1,6,8,60,4,4,2,1,1,4,0,4,1,31.708
2054,0,1,7,7,72,5,2,1,1,1,3,0,4,0,37.107
2055,0,1,2,7,34,4,3,2,1,1,3,0,4,0,18.728
2056,0,1,5,8,53,4,3,2,1,1,4,0,4,0,28.162
2058,0,1,5,8,32,1,1,3,1,1,5,0,4,0,18.179
2065,0,1,6,8,65,5,4,3,1,1,5,0,3.5,0,34.025
2068,0,1,6,7,56,3,3,2,1,1,3,0,4,0,29.534
2069,0,1,4,8,54,4,3,3,1,1,5,0,4,1,28.554
2070,0,1,2,8,53,2,2,3,1,1,5,0,4,0,27.396
2071,0,1,3,8,44,4,3,3,1,1,5,0,4,0,23.719
2072,0,1,5,7,53,4,3,3,1,1,4,0,3.75,0,28.0775
2073,0,1,6,8,69,4,3,3,1,1,5,0,4,0,35.788
2076,0,1,6,8,40,4,4,3,1,1,4,0,4,0,22.53
2079,0,0,5,2,42,4,2,3,1,1,5,0,4,0,22.57
2085,0,0,5,7,41,4,3,3,1,1,4,0,4,0,22.584
2097,0,1,3,8,34,3,4,3,1,1,3,0,4,0,19.063
2098,0,1,6,8,56,5,4,3,1,1,5,0,4,0,29.993
2099,0,1,5,7,52,3,1,3,1,1,5,0,4,0,27.443
2100,0,1,7,8,57,5,4,3,1,1,5,0,4,0,30.65
2103,0,1,4,8,50,5,1,3,0,1,5,0,3.75,0,26.0705
2104,0,1,6,8,52,4,4,3,1,1,5,0,4,0,28.073
2105,0,1,6,8,49,4,4,3,1,1,4,0,4,1,26.708
2106,0,1,2,8,42,1,4,3,1,1,4,0,3.75,0,22.3545
2107,0,1,3,8,53,1,1,2,1,1,5,0,4,0,27.373
2108,0,1,7,8,57,4,2,3,1,1,4,0,4,1,30.402
2110,0,1,5,8,49,4,4,3,1,1,5,0,4,0,26.498
2111,0,0,5,7,50,3,3,3,1,1,3,0,4,0,26.596
2114,0,1,5,8,39,4,4,2,1,1,4,0,4,0,21.824
2115,0,1,6,8,44,3,3,2,1,1,5,0,4,0,24.18
2116,0,1,3,8,53,4,4,3,1,1,5,0,4,0,27.938
2117,0,1,2,8,42,4,3,3,1,1,5,0,4,0,22.603
2118,0,0,5,8,53,1,1,2,1,1,4,0,4,1,27.746
2119,0,1,2,8,53,3,3,3,1,1,4,1,4,0,27.58
2121,0,1,4,8,29,1,3,3,1,1,4,0,4,0,16.745
2122,0,1,2,8,52,5,4,2,1,1,4,0,4,0,27.281
2123,0,1,5,8,72,4,3,1,1,1,5,0,4,0,36.869
2124,0,1,4,8,55,5,4,3,1,1,4,0,4,0,29.103
2125,0,1,5,2,53,3,1,2,1,1,4,0,4,0,27.398
2127,0,1,2,8,53,4,3,3,0,1,3,1,4,0,27.17
2128,0,1,6,8,72,5,4,3,1,1,5,0,4,0,37.337
2129,0,1,3,8,55,4,4,3,1,1,4,0,4,0,28.821
2130,0,0,5,7,42,5,1,3,1,1,3,0,4,1,22.963
2131,0,1,6,8,53,5,3,1,1,1,5,0,4,0,28.43
2132,0,1,5,7,42,3,2,1,1,1,5,0,4,0,22.843
2133,0,1,6,8,60,3,2,3,1,1,5,0,3.75,0,31.4355
2134,0,1,2,8,39,5,4,3,1,1,5,0,4,0,21.398
2136,0,1,3,8,40,5,5,3,1,1,4,0,4,0,22.108
2137,0,1,2,8,44,2,2,1,1,1,2,1,4,1,23.156
2143,0,1,6,7,60,4,1,2,1,1,5,0,1,0,30.754
2144,0,1,4,8,42,3,3,2,1,1,5,0,3.5,1,22.814
2145,0,1,5,7,46,4,4,3,1,1,5,0,3,0,24.839
2146,0,1,5,7,30,3,3,1,0,1,5,0,4,0,16.964
2147,0,1,6,8,50,3,3,2,1,1,5,0,4,0,26.934
2148,0,1,5,8,34,5,5,1,1,1,5,0,4,0,19.687
2149,0,1,5,7,42,4,2,3,1,1,4,0,4,0,22.99
2150,0,1,4,7,56,3,1,2,1,1,5,0,4,0,29.032
2151,0,0,3,8,18,3,3,1,1,1,5,0,4,0,11.568
2152,0,1,5,8,34,4,2,2,1,1,4,0,4,0,19.353
2153,0,1,2,8,31,3,1,2,1,1,4,1,4,0,17.257
2154,0,1,5,7,38,4,4,3,1,1,4,0,4,1,21.377
2156,0,1,2,8,39,5,4,3,1,1,4,1,4,0,21.41
2157,0,0,4,7,26,4,1,3,1,1,3,0,4,0,15.29
2158,0,1,6,7,62,4,4,2,1,1,5,0,4,0,32.53
2159,0,1,6,8,55,5,2,3,1,1,5,0,4,0,29.358
2160,0,1,4,7,42,4,2,2,1,1,4,0,4,0,22.743
2162,0,1,6,8,50,4,2,1,1,1,5,0,4,0,26.881
2163,0,1,6,8,50,4,5,2,1,1,3,0,3.25,0,26.9755
2164,0,1,9,8,78,5,3,2,1,1,5,0,4,0,40.548
2165,0,1,6,8,51,5,5,1,1,1,4,0,4,0,27.653
2166,0,1,6,7,23,3,2,2,1,1,4,0,4,0,14.334
2167,0,0,5,8,51,5,4,2,1,1,5,0,4,0,27.416
2168,0,0,3,8,55,3,2,3,1,1,4,0,4,0,28.526
2170,0,1,3,8,31,5,2,3,1,1,4,0,4,0,17.713
2171,0,1,6,8,57,4,2,1,1,1,4,0,4,0,30.059
2172,0,1,7,7,49,1,2,1,1,1,5,0,4,0,26.284
2173,0,1,5,7,24,3,3,2,1,1,3,1,3.75,1,14.6925
2174,0,1,2,8,16,4,4,3,1,1,3,0,4,0,10.687
2175,0,1,5,8,53,4,2,3,1,1,4,0,4,0,28.123
2181,0,1,2,8,39,2,1,2,1,1,4,0,4,0,20.798
2185,0,0,5,8,22,3,3,3,0,1,5,0,4,0,13.439
2187,0,1,6,7,78,3,3,3,1,1,5,0,4,0,39.751
2188,0,1,1,8,53,4,2,3,1,1,3,1,4,0,27.343
2197,0,1,6,8,51,4,2,3,1,1,5,0,3,0,27.24
2201,0,1,3,8,53,4,2,3,1,1,5,0,4,0,27.762
2203,0,1,6,8,60,5,4,3,1,1,4,0,4,1,31.841
2209,0,1,3,8,56,3,2,3,1,1,4,1,3,0,28.869
2210,0,1,5,8,32,4,3,3,1,1,5,0,4,0,18.607
2214,0,1,4,8,53,2,3,3,1,1,4,0,4,1,27.892
2215,0,1,3,8,32,5,3,2,1,1,4,0,4,0,18.211
2216,0,1,6,8,58,2,1,3,1,1,5,0,4,1,30.442
2217,0,1,6,8,51,5,5,3,1,1,5,0,4,0,27.786
2219,0,1,3,8,42,5,4,3,1,1,3,0,4,0,22.903
2220,0,1,5,8,42,4,4,3,1,1,4,0,4,1,23.297
2222,0,1,3,8,50,5,3,1,1,1,5,1,4,1,26.553
2223,0,1,6,7,55,5,5,3,1,1,4,0,4,0,29.503
2224,0,1,6,7,78,4,4,2,1,1,3,0,4,0,39.804
2228,0,1,6,8,78,4,3,3,1,1,5,0,3.75,1,39.9165
2229,0,1,2,8,39,4,4,3,1,1,5,0,4,1,21.361
2230,0,1,3,8,37,5,4,2,1,1,5,1,4,1,20.723
2231,0,1,2,8,53,4,2,1,1,1,3,0,3,0,27.198
2232,0,1,6,8,56,5,4,2,1,1,5,0,4,0,29.944
2233,0,1,1,7,39,5,3,3,1,1,2,1,4,0,20.97
2235,0,1,3,8,34,2,4,2,1,1,2,0,4,0,18.895
2239,0,1,2,8,42,4,3,3,1,1,4,0,4,0,22.568
2240,0,1,7,7,55,4,2,2,1,1,5,0,4,0,29.339
2241,0,1,7,7,42,4,1,3,1,1,5,0,4,0,23.333
2242,0,1,3,8,42,1,4,3,1,1,5,0,1,0,22.043
2243,0,1,8,7,74,4,2,3,1,1,5,0,4,0,38.307
2244,0,1,8,2,70,4,4,3,1,1,5,0,4,1,36.274
2247,0,1,1,8,42,4,4,3,1,1,5,0,3,0,22.295
2248,0,1,6,8,54,5,5,1,1,1,5,0,4,0,29.065
2249,0,1,5,7,54,4,2,2,1,1,3,0,4,1,28.461
2252,0,1,3,8,30,3,4,2,1,1,4,0,4,1,17.26
2253,0,1,6,7,40,3,2,1,1,1,5,0,4,0,22.123
2256,0,1,2,8,49,5,5,3,1,1,4,0,4,0,26.041
2258,0,1,2,8,37,4,3,3,1,1,3,1,4,1,20.332
2259,0,1,6,8,42,5,2,2,1,1,5,0,4,1,23.389
2261,0,1,2,8,53,5,3,3,1,1,5,0,4,1,27.783
2262,0,1,7,8,67,5,4,3,1,1,5,0,4,1,35.287
2264,0,1,5,8,34,2,5,3,1,1,4,0,4,0,19.498
2265,0,1,3,8,29,5,4,2,1,1,3,1,4,0,16.934
2266,0,1,5,8,34,4,3,1,1,1,4,0,3,0,19.194
2268,0,1,5,8,26,4,4,2,1,1,5,0,4,0,15.892
2269,0,1,6,8,60,4,4,2,1,1,5,0,4,1,31.743
2272,0,1,3,7,45,4,4,3,1,1,4,0,4,0,24.147
2273,0,1,5,8,49,5,4,3,1,1,5,0,4,0,26.582
2274,0,1,5,7,34,5,3,2,1,1,5,0,4,0,19.476
2275,0,1,3,8,53,3,1,2,1,1,5,0,1,1,26.994
2276,0,1,6,7,21,3,2,1,1,1,5,0,4,0,13.402
2277,0,1,3,8,51,3,4,1,1,1,5,0,4,0,26.838
2279,0,1,2,8,53,4,4,3,1,1,4,0,4,1,27.752
2280,0,1,3,8,39,2,3,3,1,1,5,0,4,0,21.256
2282,0,1,3,8,34,3,4,1,1,1,4,0,4,1,19.047
2283,0,1,5,8,39,4,4,3,1,1,5,0,4,0,21.908
2284,0,1,3,8,34,3,2,3,1,1,5,1,3.5,1,18.952
2285,0,1,3,8,34,4,3,3,1,1,3,1,4,1,19.153
2287,0,1,3,8,28,4,3,2,1,1,5,0,4,1,16.373
2288,0,1,2,8,39,5,3,3,0,1,3,0,3.75,0,20.7315
2289,0,1,2,8,38,4,4,3,1,1,5,1,4,1,20.949
2292,0,1,6,8,57,5,2,2,1,1,4,0,4,0,30.192
2293,0,1,2,8,31,2,2,1,1,1,3,0,3.75,0,17.0805
2294,0,1,6,8,62,2,2,3,1,1,4,0,4,0,32.284
2295,0,0,3,8,32,3,3,3,1,1,3,0,4,0,18.022
2296,0,1,3,8,34,4,4,3,1,1,3,0,4,0,19.147
2297,0,1,3,7,35,4,3,1,1,1,4,0,4,0,19.371
2298,0,1,2,8,39,2,2,2,1,0,5,0,4,0,20.872
2299,0,0,5,2,51,2,1,3,1,1,3,0,4,1,26.422
2300,0,1,2,8,72,5,3,3,1,1,5,0,4,0,36.457
2301,0,1,5,8,34,5,4,2,1,1,5,0,4,0,19.648
2304,0,1,7,2,66,5,3,1,1,1,5,0,4,0,34.091
2306,0,1,2,7,39,4,4,3,1,1,5,1,4,0,21.277
2308,0,1,3,8,53,5,3,2,1,1,5,0,4,1,27.932
2312,0,1,4,8,56,2,3,3,1,1,5,0,4,0,29.257
2313,0,1,4,8,53,5,4,3,1,1,5,0,4,1,28.267
2314,0,1,2,8,31,3,3,3,1,1,4,0,3.25,0,17.2865
2315,0,1,7,8,50,4,3,2,1,1,5,0,4,0,27.216
2316,0,1,8,8,57,5,2,3,1,1,5,0,4,0,30.672
2320,0,1,3,8,53,5,5,3,1,1,5,0,3.75,1,28.1075
2322,0,1,3,8,38,4,4,3,1,1,5,1,4,1,21.147
2324,0,1,4,8,42,3,4,2,1,1,5,0,4,1,23.001
2325,0,1,2,8,29,4,3,2,1,1,5,0,4,1,16.634
2326,0,1,1,7,42,4,3,3,1,1,3,0,3.25,0,22.1025
2327,0,1,3,8,42,3,2,2,1,1,4,0,4,0,22.545
2329,0,1,2,8,52,4,3,1,1,1,4,0,3.5,0,26.961
2331,0,1,5,7,42,4,4,2,1,1,3,1,4,1,23.176
2332,0,1,5,8,46,5,3,2,1,1,5,0,4,0,25.068
2333,0,1,5,7,23,4,2,3,1,1,5,0,4,0,14.304
2334,0,1,2,8,22,4,2,2,1,1,3,0,3.25,0,13.0675
2336,0,1,5,8,16,4,3,3,1,1,4,0,4,0,11.228
2337,0,1,4,8,42,4,2,3,1,1,5,0,4,0,22.911
2338,0,1,7,8,72,5,4,3,1,1,5,0,3.75,1,37.5325
2339,0,1,5,8,44,4,3,3,1,1,5,0,3.5,0,24.016
2341,0,1,5,7,42,3,2,2,1,1,4,0,4,0,22.857
2342,0,0,2,7,39,4,2,3,1,1,3,0,4,0,20.949
2345,0,1,2,8,67,4,3,3,1,1,4,1,4,0,34.09
2348,0,1,5,8,51,5,4,2,1,1,4,0,4,0,27.416
2350,0,1,7,8,42,4,3,3,1,1,3,0,4,1,23.57
2351,0,1,3,8,67,4,4,2,1,1,5,1,4,0,34.362
2352,0,1,5,8,38,3,4,3,1,1,5,0,4,1,21.412
2353,0,1,3,8,53,3,1,3,1,1,5,0,4,0,27.59
2355,0,1,2,8,38,4,4,3,1,1,3,0,4,1,20.832
2358,0,1,6,8,52,5,3,3,1,1,5,0,4,0,28.069
2359,0,1,2,8,28,4,4,3,1,1,4,1,4,1,16.324
2360,0,1,6,8,34,2,2,3,1,1,5,0,4,1,19.514
2361,0,1,3,3,34,4,5,3,1,1,5,1,4,1,18.979
2362,0,1,8,8,62,5,5,3,1,1,4,0,4,1,33.243
2363,0,1,6,8,34,2,2,2,1,1,5,1,4,1,19.512
2364,0,1,6,7,50,3,1,3,1,1,5,0,4,0,26.723
2365,0,1,2,7,34,4,3,3,1,1,3,0,4,0,18.777
2367,0,1,6,8,54,5,4,2,1,1,5,0,4,0,29.026
2368,0,1,7,8,58,5,2,3,1,1,5,0,4,0,30.933
2369,0,1,8,2,78,5,4,3,1,1,4,0,4,0,39.948
2370,0,1,2,8,23,4,3,2,1,1,5,0,4,0,13.833
2372,0,1,5,8,52,5,4,2,1,1,5,0,4,0,27.91
2374,0,1,4,8,34,5,4,2,1,1,5,0,4,1,19.497
2375,0,1,2,8,42,5,3,1,1,1,5,0,4,0,22.589
2376,0,0,3,8,21,1,4,2,1,1,5,0,3.25,1,12.8125
2377,0,1,6,8,60,5,4,3,1,1,5,0,4,0,31.829
2378,0,1,4,8,42,4,3,2,1,1,4,1,3.75,1,22.9595
2379,0,1,5,7,16,4,3,3,0,1,5,0,4,0,10.72
2380,0,1,6,8,67,4,4,3,1,1,3,0,4,0,34.888
2383,0,1,6,8,67,4,3,2,1,1,4,0,4,0,34.786
2384,0,1,2,8,38,4,4,3,1,1,4,1,4,0,20.867
2387,0,1,5,7,42,4,4,2,1,1,5,1,3,1,23.048
2388,0,1,2,8,55,4,2,2,1,1,4,0,4,1,28.445
2390,0,1,5,7,38,3,3,3,1,1,5,0,3.25,0,21.0445
2391,0,1,3,8,53,2,2,1,1,1,5,0,3.75,1,27.4935
2392,0,1,5,8,34,4,1,3,1,1,5,0,3.75,0,19.2995
2393,0,1,2,8,28,2,1,3,1,1,3,1,4,1,15.857
2394,0,1,5,7,16,3,1,3,1,1,4,0,3.75,0,10.8345
2395,0,1,3,8,57,3,2,2,1,1,5,0,4,0,29.465
2396,0,1,2,8,37,5,4,3,1,1,5,1,3.5,1,20.475
2397,0,1,4,8,53,4,4,3,1,1,3,0,3.5,0,27.967
2399,0,1,2,8,37,4,4,3,1,1,5,1,4,0,20.443
2400,0,1,4,8,50,4,4,2,1,1,5,1,4,1,26.804
2401,0,1,6,8,72,4,3,1,1,1,4,0,4,0,37.032
2402,0,1,6,8,38,2,2,2,1,1,4,0,1,1,20.672
2403,0,1,3,3,55,4,4,3,1,1,5,1,3.75,1,28.4805
2405,0,1,3,8,38,3,2,2,1,1,3,0,3.25,0,20.5255
2406,0,1,3,8,33,3,3,2,1,1,5,0,4,0,18.537
2409,0,1,6,8,49,4,2,3,1,1,4,0,4,0,26.485
2410,0,1,5,8,42,4,3,1,1,1,5,0,4,1,23.146
2411,0,1,4,7,23,3,2,2,1,1,5,0,4,0,13.973
2413,0,1,4,8,37,4,3,1,1,1,5,0,4,1,20.653
2415,0,1,6,8,37,1,1,3,1,1,5,0,4,1,20.719
2416,0,1,2,8,39,5,4,3,1,1,3,0,4,0,21.328
2417,0,1,3,8,42,4,4,2,1,1,5,0,4,0,22.84
2419,0,1,3,7,31,4,3,3,1,1,5,1,4,1,17.762
2420,0,1,6,8,37,4,4,3,1,1,4,0,4,0,21.153
2424,0,1,2,8,39,5,4,1,1,1,5,1,3.25,1,21.2455
2426,0,1,2,6,42,4,1,2,1,1,4,0,4,0,22.175
2427,0,1,1,8,20,3,1,3,1,1,4,0,4,0,12.012
2428,0,1,3,8,53,5,5,2,1,1,5,0,4,0,28.061
2430,0,1,3,8,16,4,4,3,1,1,4,0,3.5,0,10.821
2433,0,0,5,8,53,5,4,3,1,1,4,0,4,0,28.348
2435,0,1,3,8,32,4,3,2,1,1,5,0,3.75,1,18.1595
2436,0,1,5,8,52,4,4,2,1,1,5,0,4,0,27.826
2442,0,1,6,8,53,4,2,3,1,1,5,0,4,0,28.356
2443,0,1,4,8,34,2,2,1,1,1,4,1,4,1,19.032
2447,0,1,3,7,58,5,3,2,1,1,4,0,4,0,30.061
2453,0,1,7,7,72,5,4,3,1,1,5,0,4,0,37.451
2455,0,1,6,8,60,3,3,2,1,1,4,0,4,1,31.536
2457,0,1,3,8,53,1,2,3,1,1,4,0,4,1,27.522
2459,0,1,1,8,53,5,5,1,1,1,3,1,4,1,27.64
2460,0,1,2,8,28,4,4,2,1,1,3,1,3.75,1,16.1905
2461,0,1,6,8,59,3,3,1,1,1,5,0,4,1,31.063
2462,0,1,6,8,57,5,4,2,1,1,4,0,3.75,0,30.3185
2464,0,1,1,8,20,4,2,3,1,1,4,1,4,0,12.231
2466,0,1,6,8,66,5,4,3,1,1,4,0,4,0,34.548
2470,0,1,8,2,78,4,1,2,1,1,5,0,4,0,39.586
2471,0,1,7,8,51,4,3,2,1,1,4,0,4,0,27.64
2472,0,1,3,8,29,4,1,3,1,1,5,1,4,1,16.752
2479,0,1,5,7,16,4,3,2,1,1,2,0,4,0,11.025
2484,0,1,6,8,55,5,5,3,1,1,5,0,4,0,29.622
2485,0,1,6,7,42,3,2,2,1,1,5,0,4,1,23.137
2486,0,1,6,8,57,4,4,2,1,1,4,0,3.5,0,30.185
2487,0,1,5,8,48,4,3,3,1,1,4,0,4,0,25.916
2488,0,1,6,8,32,4,2,3,1,1,4,0,3.75,1,18.6795
2491,0,1,2,8,42,3,1,3,1,1,5,0,4,0,22.343
2498,0,1,3,8,39,5,3,1,1,1,5,0,4,1,21.457
2500,0,1,6,8,53,4,4,2,1,1,4,0,4,0,28.448
2505,0,1,2,8,53,4,4,3,1,1,5,0,4,1,27.787
2507,0,1,2,8,37,1,4,3,1,1,5,1,3.25,1,20.0895
2508,0,1,2,8,28,4,4,3,1,1,4,1,4,1,16.324
2509,0,1,3,8,39,3,2,1,1,1,4,0,4,0,21.119
2512,1,1,7,7,20,3,2,1,1,1,5,0,4,0,13.182
2514,1,1,5,8,34,5,5,3,1,1,5,1,4,1,19.92
2529,1,1,3,8,49,5,4,1,1,1,4,1,3,1,25.99
2530,1,1,7,8,57,5,4,2,1,1,5,0,4,0,30.642
2532,1,1,7,8,52,5,4,2,1,1,4,0,4,1,28.359
2537,1,1,5,8,54,3,2,3,1,1,5,0,3.5,1,28.522
2539,1,1,5,7,38,4,4,3,1,1,5,1,4,1,21.5
2541,1,1,5,8,67,4,4,1,0,1,5,0,4,0,34.244
2542,1,1,3,8,26,5,4,3,1,1,5,0,4,0,15.67
2546,1,1,5,7,52,4,4,3,1,1,4,0,4,1,27.844
2549,1,1,5,8,52,1,1,3,1,1,5,0,4,0,27.4
2550,1,1,2,8,42,4,2,2,1,1,5,0,3.75,0,22.4575
2551,1,1,5,7,52,5,5,3,1,1,4,0,4,0,27.969
2554,1,1,4,7,57,1,3,3,1,1,3,0,4,0,29.519
2559,1,1,5,8,37,3,3,3,1,1,5,0,4,0,20.859
2560,1,1,4,7,44,5,3,3,1,1,5,0,4,1,24.005
2563,1,1,5,7,52,5,3,3,1,1,5,0,3,0,27.63
2564,1,1,5,7,67,1,4,3,1,1,5,0,4,0,34.465
2565,1,1,5,7,42,4,3,2,1,1,3,0,4,0,23.035
2566,1,1,6,8,51,4,2,2,1,1,5,0,4,0,27.43
2567,1,1,2,8,34,4,4,2,1,1,5,1,4,1,19.105
2568,1,1,6,8,43,3,4,3,1,1,5,0,4,0,23.899
2569,1,1,4,8,55,5,4,2,1,1,3,0,4,0,29.06
2571,1,1,6,8,34,4,3,2,1,1,4,0,4,0,19.68
2573,1,1,1,8,38,4,4,3,1,1,5,1,4,1,20.792
2574,1,1,5,6,49,2,2,1,1,1,3,1,3,1,25.755
2575,1,1,6,7,42,4,4,2,1,1,4,0,3.25,0,23.2075
2576,1,1,2,8,21,5,4,3,1,1,5,0,3,0,12.979
2578,1,1,3,8,42,5,2,3,1,1,4,0,4,0,22.803
2579,1,1,6,8,42,4,2,2,1,1,4,0,4,0,23.264
2580,1,1,5,8,49,5,5,1,1,1,3,1,4,1,26.637
2581,1,1,3,8,52,4,4,2,1,1,5,1,3.25,1,27.4165
2582,1,1,5,8,34,4,4,2,1,1,5,0,4,0,19.605
2583,1,1,3,8,34,4,3,2,1,1,5,0,4,1,19.168
2584,1,1,5,7,39,1,3,3,1,1,5,0,4,0,21.525
2586,1,1,6,8,52,3,2,2,1,1,4,0,3.75,0,27.7205
2587,1,1,4,8,52,5,4,3,1,1,5,1,3.5,1,27.797
2588,1,1,5,8,66,4,2,3,1,1,5,0,4,0,34.166
2589,1,1,5,8,51,4,3,2,1,1,5,0,4,0,27.32
2590,1,1,3,8,34,4,4,2,1,1,5,0,4,1,19.256
2593,1,1,2,8,57,3,2,3,1,1,2,1,4,0,29.299
2595,1,1,4,8,53,5,4,3,1,1,5,1,4,1,28.355
2596,1,1,3,8,34,4,5,3,1,0,5,1,4,1,19.391
2598,1,1,3,8,55,4,4,3,1,1,5,1,4,1,28.991
2599,1,0,3,8,27,1,4,3,1,1,4,0,3.75,0,15.6735
2600,1,1,6,8,56,4,4,3,1,1,5,0,4,0,29.95
2602,1,1,6,8,62,3,3,2,1,1,5,0,3.5,1,32.431
2603,1,1,6,8,51,4,3,2,1,1,5,0,4,0,27.518
2604,1,1,6,8,52,5,5,1,1,1,5,0,4,0,28.188
2606,1,1,2,8,50,3,2,3,0,1,5,0,4,0,25.685
2607,1,1,5,7,69,4,3,3,1,1,4,0,4,0,35.512
2608,1,1,3,3,50,3,1,3,1,1,4,1,4,1,25.893
2609,1,1,5,8,34,5,4,3,1,1,5,0,4,0,19.738
2610,1,1,4,8,53,5,4,3,1,1,5,0,4,1,28.308
2611,1,1,3,8,53,4,4,3,1,1,5,0,4,0,27.979
2613,1,1,7,8,60,5,4,2,1,1,3,0,4,0,31.949
2614,1,1,1,8,40,5,5,3,1,1,5,0,4,1,21.835
2616,1,1,2,8,42,4,3,3,1,1,3,0,4,0,22.574
2617,1,1,6,8,67,5,5,3,1,1,5,0,4,0,35.171
2620,1,1,5,8,39,2,2,3,1,1,3,0,4,0,21.535
2621,1,1,3,8,55,3,1,3,1,1,5,0,4,1,28.596
2623,1,1,6,8,42,3,2,3,1,1,4,0,4,0,23.229
2624,1,1,6,8,67,5,5,3,1,1,5,0,4,0,35.171
2625,1,1,3,7,23,4,3,2,1,1,5,0,4,1,14.035
2626,1,1,2,8,53,3,2,2,1,1,4,0,4,0,27.437
2627,1,1,6,8,67,4,3,1,1,1,5,0,4,0,34.813
2628,1,1,4,8,51,1,1,3,1,1,5,0,4,0,26.743
2629,1,1,6,8,42,5,4,3,1,1,5,0,4,0,23.608
2630,1,0,4,8,31,5,3,2,1,1,4,1,4,0,18.003
2631,1,1,6,6,34,1,2,3,1,1,4,0,3,0,19.023
2632,1,1,3,8,53,5,4,2,1,1,4,1,4,1,28.073
2633,1,1,6,8,65,4,4,3,1,1,5,0,4,1,34.128
2637,1,1,3,8,53,5,4,3,1,1,4,0,4,0,28.028
2638,1,1,3,8,48,4,4,3,1,1,3,0,4,0,25.614
2641,1,1,3,8,42,1,3,1,1,1,5,0,3.5,0,22.393
2642,1,1,6,7,42,4,4,2,1,1,5,0,4,0,23.391
2643,1,1,2,8,43,3,2,3,1,1,4,0,4,0,22.896
2644,1,1,6,8,42,5,5,2,1,1,5,0,4,0,23.647
2645,1,1,2,3,42,4,4,1,1,1,4,1,4,1,22.273
2646,1,1,2,8,52,5,4,2,1,1,4,0,3.5,0,27.223
2649,1,1,3,8,38,3,2,2,1,1,5,0,4,0,20.785
2650,1,1,7,8,56,4,2,3,1,1,4,0,4,0,29.937
2652,1,1,5,8,42,3,3,1,1,1,5,0,3.5,0,22.957
2653,1,1,1,8,53,5,4,2,1,1,4,1,3.75,1,27.6275
2655,1,1,3,8,49,4,3,3,1,1,4,0,4,0,26.02
2656,1,1,4,7,42,4,2,3,1,1,4,0,4,0,22.833
2658,1,1,4,8,49,5,3,3,1,1,4,1,4,1,26.396
2662,1,1,5,7,42,3,2,3,1,1,5,0,4,0,22.982
2663,1,1,1,8,37,3,1,3,1,1,4,0,4,0,19.856
2664,1,1,6,8,57,4,2,3,1,1,5,0,4,0,30.233
2666,1,1,5,7,46,3,2,2,1,1,5,0,4,0,24.769
2669,1,1,3,8,50,5,4,3,1,1,5,1,4,1,26.78
2670,1,1,5,8,50,5,3,3,1,1,5,0,4,1,27.041
2671,1,1,5,7,50,5,3,2,1,1,4,0,4,0,26.826
2672,1,1,4,8,42,3,4,3,1,1,5,0,4,0,23.044
2675,1,1,3,8,42,5,3,3,1,1,5,0,4,0,22.926
2679,1,1,6,7,42,4,2,3,1,1,5,0,4,0,23.264
2680,1,1,3,8,39,3,3,2,1,1,5,0,4,0,21.332
2682,1,1,5,7,26,2,3,3,1,1,4,0,4,0,15.607
2684,1,1,4,8,58,4,4,2,1,1,4,0,4,0,30.388
2685,1,1,2,8,34,4,2,2,1,1,5,0,4,0,18.835
2686,1,1,1,8,50,3,4,3,1,1,3,0,4,0,26.052
2688,1,1,4,8,51,5,4,1,1,1,5,0,4,0,27.245
2689,1,1,2,8,55,5,2,3,1,1,5,0,4,0,28.607
2691,1,1,4,8,34,4,3,3,1,1,5,0,4,0,19.368
2692,1,1,2,8,38,5,4,3,1,1,5,0,4,0,20.98
2693,1,1,5,7,78,1,4,3,1,1,4,0,4,0,39.479
2699,1,1,4,8,53,4,3,2,1,1,5,0,4,0,28.04
2702,1,1,6,8,56,1,5,2,1,1,5,0,4,0,29.737
2705,1,1,5,8,60,5,5,3,1,1,5,0,4,0,31.76
2709,1,1,3,8,56,5,4,2,1,1,5,1,4,1,29.485
2716,1,1,3,7,23,4,3,1,1,1,4,0,3.75,1,13.9015
2717,1,1,2,8,48,5,4,1,1,1,4,0,3.5,0,25.338
2718,1,1,2,8,38,4,4,3,1,1,3,1,3,1,20.722
2719,1,0,5,8,34,5,4,1,1,1,4,0,4,0,19.57
2720,1,0,2,8,34,4,3,1,1,1,2,0,4,0,18.734
2722,1,1,2,7,55,4,1,3,1,1,5,0,4,1,28.398
2723,1,1,6,8,45,3,3,2,1,1,4,0,4,1,24.692
2724,1,1,3,8,53,4,4,3,1,1,4,0,4,0,27.944
2728,1,1,3,8,49,5,4,3,1,1,5,0,4,0,26.227
2729,1,1,8,8,57,5,5,3,1,1,4,0,4,0,30.942
2731,1,1,5,3,60,5,4,2,1,1,4,1,4,0,31.215
2732,1,1,8,8,57,5,2,3,1,1,5,0,4,1,30.76
2733,1,1,6,8,54,4,4,3,1,1,4,0,4,0,28.997
2734,1,1,5,7,20,4,4,3,1,1,4,0,4,1,13.156
2736,1,1,6,8,52,4,4,3,1,1,5,0,4,0,28.114
2737,1,1,3,7,34,4,3,2,1,1,5,0,3.75,0,18.9875
2738,1,1,4,7,53,3,4,3,1,1,4,0,4,0,27.974
2739,1,1,4,8,22,4,5,3,1,1,4,0,4,0,14.001
2740,1,1,5,7,60,5,4,3,1,1,4,0,4,0,31.553
2747,1,1,3,7,50,4,4,1,1,1,4,0,4,0,26.385
2749,1,1,3,8,21,4,3,3,1,1,5,0,4,0,13.203
2750,1,1,5,8,49,5,1,1,1,1,5,0,4,0,26.261
2751,1,1,3,8,55,4,3,2,1,1,3,0,4,1,28.737
2753,1,1,5,7,30,4,5,3,1,1,3,0,4,1,17.799
2756,1,1,6,8,60,5,5,3,1,1,5,0,4,0,31.958
2757,1,1,7,8,57,4,2,3,1,1,5,0,4,0,30.431
2759,1,1,6,8,57,1,3,1,1,1,5,0,4,1,30.018
2760,1,1,3,7,39,5,4,3,1,1,5,0,4,0,21.553
2763,1,0,2,8,53,3,2,3,1,1,3,0,3.5,0,27.317
2764,1,1,3,8,52,5,4,2,1,1,5,0,4,1,27.602
2765,1,1,6,8,60,5,4,3,1,1,5,1,4,1,31.964
2767,1,1,6,8,57,4,4,2,1,1,4,0,4,1,30.372
2768,1,1,7,7,58,5,5,3,1,1,4,0,4,1,31.166
2779,0,1,5,7,69,1,3,2,1,1,3,0,4,1,35.182
2781,1,1,6,7,50,4,4,3,1,1,5,0,4,0,27.112
2782,0,1,2,8,42,3,3,3,1,1,5,0,4,0,22.519
2784,0,1,2,8,32,4,4,3,0,1,5,0,3.75,1,17.6395
2785,0,1,3,8,53,4,3,3,1,1,5,0,4,1,27.897
2786,0,1,6,8,55,3,3,2,1,1,2,0,4,1,29.171
2788,0,1,9,7,49,4,4,2,1,0,4,0,4,0,27.073
2789,1,1,6,8,34,4,4,3,1,0,4,0,4,0,19.768
2791,0,1,6,8,50,3,2,3,1,1,5,0,4,0,26.895
2793,0,1,6,6,42,1,1,3,1,1,3,0,4,1,22.776
2794,1,1,5,7,50,5,4,3,1,1,5,1,4,1,27.092
2795,0,0,6,8,57,4,2,1,1,1,4,0,4,0,30.024
2796,0,1,6,8,34,4,3,2,1,1,4,0,3.5,0,19.54
2797,0,1,2,8,20,5,3,2,1,1,4,0,3.5,0,12.406
2798,0,1,3,8,42,2,2,3,1,1,4,0,4,0,22.51
2800,0,1,2,8,45,3,3,3,1,1,3,0,3,0,23.628
2802,0,1,6,8,68,5,4,3,1,1,4,0,4,0,35.466
2803,0,0,2,7,38,1,3,3,1,1,5,1,4,1,20.49
2804,0,0,3,8,42,4,4,3,1,1,5,0,4,0,22.854
2805,0,1,2,7,20,3,3,3,1,1,2,0,4,0,12.232
2806,0,1,5,8,53,4,4,2,0,1,4,1,4,1,27.885
2807,0,1,4,8,49,1,1,3,1,1,4,0,4,1,25.796
2812,0,1,5,8,55,4,3,3,1,1,3,0,4,0,29.094
2814,0,1,2,8,62,4,4,3,1,1,3,0,3,0,31.603
2815,0,1,2,8,38,4,3,3,1,1,3,0,3,1,20.546
2816,0,1,3,7,34,3,1,3,1,1,2,0,3,0,18.482
2817,0,1,5,7,42,1,1,2,1,1,2,0,4,0,22.531
2818,0,1,2,8,33,3,2,2,1,1,3,0,3.5,0,18.082
2819,0,1,2,8,22,4,3,3,1,1,3,1,3,1,13.249
2822,0,1,2,8,38,4,4,3,1,1,4,1,3,1,20.716
2823,0,1,2,8,55,4,3,2,1,1,3,0,4,0,28.451
2824,0,1,4,7,55,5,4,3,1,1,3,0,3.25,0,28.8355
2825,0,1,3,8,36,3,3,1,1,1,3,1,4,1,19.889
2826,0,1,2,8,20,5,4,3,1,1,4,1,4,0,12.689
2831,1,1,3,8,58,4,4,1,0,1,2,0,4,0,29.612
2832,1,1,2,6,31,4,5,3,1,0,3,1,2.5,0,17.234
2833,0,1,6,8,54,4,4,1,1,1,4,0,4,0,28.858
2834,0,1,3,8,30,4,4,3,1,1,3,0,4,1,17.358
2837,0,1,3,7,20,2,1,2,0,1,3,0,4,0,11.697
2839,0,1,4,8,46,5,4,3,1,1,5,0,2.5,0,24.71
2840,0,1,3,8,45,3,3,2,1,1,4,0,4,0,24.01
2841,0,1,2,8,36,3,2,2,1,1,4,0,3,0,19.395
2843,0,1,2,8,39,4,3,2,1,1,5,0,4,0,21.177
2844,0,1,2,8,41,4,3,3,1,1,4,0,4,0,22.109
2846,0,1,6,7,50,3,2,2,1,1,5,0,4,0,26.762
2847,0,1,6,8,52,3,3,3,1,1,4,0,4,0,27.866
2848,0,1,2,8,42,4,4,1,1,1,5,0,3,0,22.395
2849,0,1,6,8,42,4,4,3,1,1,4,0,4,0,23.448
2851,0,1,6,8,38,4,4,3,1,1,3,0,4,1,21.624
2852,0,1,2,8,31,4,4,2,1,1,5,0,4,0,17.593
2855,0,1,6,8,34,3,3,3,1,1,5,0,4,0,19.639
2858,1,1,5,7,42,5,3,2,1,1,5,0,4,0,23.189
2859,1,1,6,8,49,1,3,3,1,1,5,0,4,0,26.397
2860,1,1,2,8,60,4,3,3,1,1,3,0,3,0,30.638
2861,1,1,2,8,22,5,5,2,1,1,5,0,4,0,13.675
2863,0,1,2,7,31,3,3,3,1,1,2,1,3,1,17.177
2864,0,1,6,8,55,3,3,3,1,1,4,0,4,0,29.243
2866,1,1,8,8,49,4,4,1,1,1,4,1,4,1,27.094
2867,1,1,5,8,53,5,4,3,1,1,5,0,3.75,1,28.4565
2870,0,1,6,8,53,4,1,3,1,1,4,0,4,0,28.233
2871,0,1,5,8,34,4,3,2,1,1,5,0,3.5,0,19.377
2872,0,1,5,8,46,4,4,1,1,1,4,1,4,1,25.082
2873,0,1,6,8,42,5,1,2,1,1,5,0,4,0,23.254
2874,0,1,6,8,49,5,4,3,1,1,5,0,4,0,26.78
2875,0,1,5,7,38,3,4,2,1,1,5,0,3.5,0,21.133
2877,0,1,6,8,62,4,4,3,1,1,5,0,4,0,32.663
2878,0,1,5,7,68,4,5,2,1,1,5,0,4,0,35.174
2879,0,1,7,8,55,4,3,1,1,1,5,0,4,1,29.509
2881,1,1,2,8,37,4,4,2,1,1,4,0,3.5,0,20.254
2886,0,1,5,7,23,5,4,3,1,1,3,0,4,0,14.494
2888,0,1,3,8,39,4,4,3,1,1,4,0,4,0,21.477
2889,0,1,6,8,57,4,5,3,1,1,3,0,4,0,30.386
2890,0,1,6,8,34,4,4,2,1,1,4,0,3.5,0,19.628
2892,0,1,7,7,42,5,3,3,1,1,5,0,4,0,23.593
2893,0,1,4,8,31,4,2,3,1,1,5,0,4,1,17.909
2894,0,1,3,8,42,1,2,2,1,1,2,0,4,1,22.354
2897,0,1,3,8,49,1,1,2,1,1,5,0,4,0,25.537
2899,0,1,6,8,42,3,3,2,1,1,5,0,4,0,23.262
2900,0,1,2,8,43,1,4,3,1,1,5,0,4,0,22.898
2901,0,1,4,8,32,3,3,3,1,1,5,0,4,0,18.325
2902,0,1,3,8,50,4,3,3,1,1,4,1,4,0,26.485
2903,0,1,3,8,50,3,3,1,1,1,5,1,4,0,26.338
2904,0,1,2,7,33,3,2,3,1,1,5,1,3,1,18.112
2905,0,1,4,8,33,4,5,2,1,1,4,1,3,0,18.809
2906,0,1,3,8,39,1,2,1,1,1,5,0,4,0,20.986
2907,1,1,2,8,44,4,4,2,1,1,3,1,4,1,23.625
2910,0,1,7,7,42,4,2,3,1,1,5,0,4,0,23.421
2913,0,1,6,8,42,5,4,2,1,1,5,0,4,0,23.518
2914,0,1,6,8,44,4,3,2,1,1,5,0,3.75,1,24.2615
2915,0,1,1,6,36,1,2,1,1,1,4,0,3.5,0,18.911
2916,1,1,4,8,35,5,4,2,1,1,5,0,4,0,19.95
2917,0,1,6,8,67,4,4,2,1,1,5,0,4,1,34.956
2921,0,1,8,8,42,2,1,3,1,1,4,0,3.75,0,23.3625
2922,0,1,3,8,53,3,3,2,1,1,4,1,4,0,27.729
2923,0,1,5,8,34,4,4,3,1,1,4,0,4,0,19.578
2926,0,1,6,8,50,5,4,1,1,1,5,0,4,1,27.188
2929,0,0,2,8,42,4,4,2,1,1,5,1,4,1,22.701
2930,0,1,6,8,42,3,4,2,1,1,5,0,4,0,23.35
2931,0,1,3,8,52,5,4,2,1,1,3,0,4,0,27.444
2932,0,1,6,8,56,5,5,3,1,1,5,0,3.75,0,30.0315
2933,0,1,6,8,78,5,2,3,1,1,4,0,4,0,39.88
2935,0,1,5,7,30,3,4,3,1,0,4,0,4,0,17.525
2938,1,1,6,8,38,4,2,3,1,1,4,0,4,1,21.524
2944,1,0,4,6,56,5,3,3,1,1,5,0,4,0,29.347
2945,0,1,2,7,51,5,4,2,1,1,5,0,3.75,0,26.7235
2946,0,1,2,3,34,3,3,3,1,1,2,1,4,1,18.416
2947,0,1,3,8,37,5,4,2,1,1,4,1,4,1,20.688
2951,0,1,5,8,34,4,3,3,1,1,3,0,4,1,19.502
2953,0,1,3,7,36,1,1,1,1,1,5,0,4,0,19.437
2955,0,0,5,8,34,4,3,3,1,1,4,0,3,0,19.257
2956,0,1,4,8,45,3,2,2,1,0,3,0,4,0,24.036
2963,0,1,3,3,34,3,2,2,1,1,5,1,4,0,18.535
2965,0,1,3,7,50,5,2,1,1,1,4,0,4,0,26.252
2970,0,1,3,8,43,3,1,3,1,1,5,1,4,1,23.094
2972,0,1,7,8,34,4,4,3,1,1,2,1,4,0,19.951
2973,0,1,3,8,39,2,1,3,1,1,4,0,4,1,21.092
2980,1,1,5,2,58,2,1,3,1,1,4,1,4,1,29.793
2986,0,1,5,7,50,3,3,2,1,1,4,0,3,1,26.466
2987,0,1,5,6,51,5,3,2,1,1,4,0,3,0,26.962
2991,0,1,9,8,72,4,5,3,1,1,4,0,4,0,37.9
2995,0,1,7,7,47,5,2,2,1,1,4,0,4,0,25.716
2996,0,1,5,8,41,3,3,1,1,1,5,0,4,0,22.556
2997,0,1,3,7,23,4,3,3,1,1,4,0,4,0,13.961
2998,0,1,6,8,51,5,5,3,1,1,4,0,3,0,27.553
2999,0,1,5,7,42,1,3,2,1,1,3,1,4,0,22.789
3000,0,1,6,8,42,2,2,2,1,1,5,0,4,0,23.09
3003,0,1,6,8,56,4,3,2,1,1,4,0,3,0,29.539
3006,0,1,6,8,34,3,2,3,1,1,4,0,4,0,19.516
3009,1,0,5,8,51,5,5,1,1,1,4,0,4,0,27.461
3010,1,1,6,8,42,4,3,2,1,1,3,0,2.75,0,23.0695
3013,0,1,3,8,42,5,4,1,1,1,4,0,4,1,22.887
3014,0,1,6,8,50,3,3,2,1,1,5,0,4,1,26.981
3015,0,0,4,7,31,5,4,3,1,1,3,0,4,0,17.933
3016,0,1,5,8,56,5,4,2,1,1,4,0,4,0,29.711
3017,0,1,6,8,51,3,2,2,1,1,4,0,3.5,0,27.171
3019,0,1,6,8,55,4,4,1,1,1,4,0,3,1,29.166
3020,0,1,7,7,51,4,4,2,1,1,5,0,4,0,27.679
3021,0,1,4,6,51,3,3,1,1,1,3,1,4,0,26.757
3024,0,1,5,8,34,3,3,3,1,1,5,0,4,0,19.441
3026,1,1,6,8,51,4,4,2,1,1,3,0,4,0,27.536
3027,1,1,5,7,50,3,2,3,1,1,3,0,4,0,26.584
3030,1,1,5,7,57,4,3,3,1,1,3,0,3,0,29.771
3033,0,1,2,7,42,5,3,1,1,1,5,1,4,0,22.552
3034,0,1,3,8,50,4,2,3,1,1,5,1,3.5,1,26.38
3035,0,1,2,8,38,3,3,3,1,1,5,0,4,0,20.683
3036,0,1,2,8,49,5,4,3,1,1,4,0,4,0,25.953
3039,0,1,5,8,36,5,2,2,1,1,4,0,3,0,20.157
3040,0,1,4,8,30,3,1,3,1,1,5,1,4,1,17.325
3041,0,1,4,8,51,3,3,2,1,1,5,0,4,0,26.997
3042,0,1,2,8,42,4,3,3,1,1,5,0,4,1,22.65
3043,0,1,1,8,32,3,3,3,1,1,5,0,3,0,17.533
3045,0,1,5,8,34,2,2,1,1,1,5,0,4,0,19.171
3048,0,1,1,8,43,4,4,1,1,1,4,0,4,0,22.819
3049,0,1,6,7,41,4,4,3,1,1,5,0,4,0,22.94
3050,0,1,3,8,47,5,4,3,1,1,2,1,3,1,25.059
3051,0,1,2,7,42,4,5,3,1,1,5,1,3.5,1,22.69
3052,0,1,1,8,38,4,4,1,0,1,2,0,3,0,19.797
3053,0,1,1,8,38,4,3,3,1,1,5,0,4,1,20.616
3055,0,1,5,8,58,3,2,2,1,1,3,0,4,0,30.25
3057,0,1,2,8,34,5,4,3,1,1,5,1,4,0,19.15
3063,0,1,5,8,49,3,3,2,1,1,3,0,3,0,26.009
3066,0,1,4,8,51,4,4,3,1,1,5,0,4,0,27.218
3072,0,1,4,8,42,4,2,2,1,1,4,0,4,1,22.874
3073,0,1,5,8,50,5,4,3,1,1,5,0,4,1,27.088
3074,0,1,1,8,22,3,1,3,1,1,5,0,3,0,12.767
3075,1,1,3,8,52,5,4,3,1,1,4,0,4,1,27.616
3076,0,1,5,7,31,3,2,3,1,1,5,0,4,0,17.892
3077,0,1,4,7,37,5,4,3,1,1,5,0,4,0,20.792
3078,0,1,6,8,56,4,3,3,0,1,5,1,4,1,29.456
3082,0,1,3,8,32,4,3,3,1,1,3,0,3.75,1,18.1385
3098,0,1,5,7,55,4,4,3,1,1,4,0,4,0,29.133
3100,0,1,3,7,51,4,1,2,1,1,4,0,4,0,26.588
3104,0,1,5,7,49,4,3,1,1,1,3,0,3.75,0,26.1085
3105,0,0,4,8,49,5,4,3,1,1,5,0,4,1,26.396
3106,0,1,3,8,37,5,4,3,1,1,5,0,4,0,20.678
3109,0,1,3,8,34,4,4,3,1,1,4,0,4,0,19.182
3110,0,1,3,8,42,1,3,3,1,1,4,0,3.75,0,22.4645
3111,0,1,5,7,38,3,3,3,1,1,4,0,3.5,0,21.059
3112,0,1,6,7,34,4,4,3,1,1,5,0,3,0,19.529
3113,0,1,6,8,51,4,5,3,1,1,3,0,4,0,27.632
3114,0,1,5,7,42,5,4,2,1,1,3,0,4,0,23.166
3116,0,1,3,7,29,4,3,2,1,1,3,0,4,0,16.631
3118,0,1,2,7,34,3,4,2,1,1,4,0,3,0,18.569
3119,0,1,5,8,34,5,4,2,1,1,4,0,4,0,19.613
3120,0,1,5,7,44,4,4,3,1,1,4,1,4,0,24.131
3121,0,1,6,7,24,4,2,3,1,1,4,0,4,0,14.926
3122,0,1,5,7,39,4,3,3,1,1,4,0,4,0,21.701
3124,0,1,2,8,38,5,5,3,1,1,5,1,4,1,21.121
3125,0,0,3,8,30,4,2,3,1,1,5,0,3.5,0,17.071
3126,0,1,2,8,34,1,1,1,1,1,5,0,4,1,18.452
3127,0,1,5,7,48,3,1,3,1,1,4,0,4,0,25.572
3128,0,1,6,8,45,3,2,2,1,1,4,0,4,0,24.516
3129,0,1,3,8,56,4,5,1,1,1,4,0,3,0,29.072
3130,0,1,5,7,50,4,2,3,1,1,4,0,4,0,26.662
3131,0,1,6,8,42,5,3,1,1,1,5,0,4,0,23.381
3132,0,1,5,7,56,3,1,2,1,1,3,0,4,0,29.16
3134,0,1,5,7,34,3,3,2,1,1,4,0,4,1,19.32
3135,0,1,5,7,50,5,2,2,1,1,4,0,4,0,26.697
3136,0,1,4,8,46,4,4,3,0,1,3,0,4,0,24.394
3137,0,1,1,7,33,4,2,2,1,1,5,1,3.5,1,18.048
3138,0,1,5,7,44,3,2,1,1,1,5,0,4,0,23.761
3139,0,1,3,8,44,4,4,3,1,1,2,0,4,0,23.702
3141,0,1,3,8,45,4,2,3,1,1,4,0,4,0,24.055
3142,0,1,5,8,42,3,4,3,1,1,5,0,4,0,23.201
3143,0,1,1,8,20,4,2,2,1,1,4,0,4,0,12.135
3144,0,1,6,8,50,4,4,2,1,1,4,0,4,0,27.071
3145,0,1,2,8,34,4,3,3,1,1,4,0,4,0,18.896
3155,0,1,6,8,39,4,4,2,1,1,5,0,4,0,22.057
3156,0,1,2,8,58,4,4,3,1,1,5,0,4,0,30.035
3158,0,1,4,7,34,4,1,3,1,1,4,0,4,0,19.032
3170,0,1,6,7,51,4,4,1,1,1,5,0,4,0,27.432
3171,0,1,5,8,53,3,3,3,1,1,4,0,4,0,28.127
3173,0,1,7,8,46,4,5,2,1,1,5,1,4,0,25.603
3174,0,1,5,7,34,4,4,3,1,1,4,0,3.25,0,19.3455
3175,0,1,6,8,56,1,1,2,1,1,5,0,4,1,29.391
3176,0,1,5,7,44,2,1,1,1,1,4,0,3.5,0,23.455
3180,0,1,4,8,46,4,3,3,1,1,3,0,4,1,24.812
3181,0,1,5,8,42,4,1,3,1,1,2,0,3.75,0,22.8665
3182,0,1,6,8,42,3,1,3,1,1,2,0,3,0,22.832
3183,0,1,6,8,42,2,2,2,1,1,5,0,4,0,23.09
3185,0,1,5,8,54,4,4,2,1,1,3,0,4,0,28.674
3186,0,1,3,8,37,3,2,1,1,1,5,0,4,0,20.236
3188,0,1,7,8,56,3,2,1,1,1,3,0,4,0,29.679
3191,0,1,3,7,53,4,4,2,1,1,4,0,4,0,27.77
3192,0,1,3,8,50,5,4,3,1,1,4,1,4,1,26.704
3193,0,1,5,7,34,3,2,3,1,1,4,0,3,0,19.036
3194,0,1,6,7,22,3,4,2,1,1,5,0,3.75,0,14.0365
3195,0,0,5,8,42,4,2,3,1,1,5,0,4,0,23.074
3198,0,1,2,7,34,3,1,3,1,1,5,1,4,0,18.634
3200,0,1,5,7,23,2,3,2,0,1,4,0,3.25,0,13.5325
3201,0,1,2,8,29,4,3,3,1,1,5,0,4,0,16.636
3202,0,1,3,8,23,4,4,2,1,1,5,1,4,1,14.213
3203,0,1,2,8,34,4,2,3,1,1,4,1,4,0,18.855
3206,0,1,5,7,16,3,2,3,1,1,3,0,3.25,0,10.7885
3208,0,1,2,8,44,4,3,3,1,1,4,0,4,1,23.533
3209,0,1,2,7,37,4,4,2,0,1,3,0,4,0,19.734
3210,0,1,2,8,16,5,4,3,1,1,4,0,4,1,10.853
3211,0,1,4,8,44,3,3,3,1,1,4,0,4,0,23.798
3212,0,1,6,8,49,3,4,3,1,1,4,0,4,0,26.577
3213,0,1,6,8,62,4,2,1,1,1,5,0,4,0,32.389
3214,0,0,5,8,51,4,3,3,1,1,3,0,4,0,27.223
3215,0,1,5,5,42,4,2,2,1,1,3,0,4,1,22.785
3216,0,1,6,8,60,5,4,2,1,1,5,0,4,1,31.827
3217,0,1,7,7,42,1,3,2,1,1,3,0,4,0,23.138
3219,0,1,2,8,42,1,1,1,0,1,2,1,2.75,0,21.3125
3220,0,1,8,8,62,4,4,3,1,1,5,0,4,0,33.059
3221,0,1,6,7,42,5,3,2,1,1,5,0,4,0,23.346
3222,0,1,3,7,42,4,4,1,0,1,5,0,4,0,22.248
3223,0,1,5,7,34,4,2,3,1,1,5,0,4,0,19.353
3224,0,1,5,8,34,5,5,2,1,1,4,0,4,1,19.748
3225,0,1,5,7,24,3,3,3,1,1,5,0,4,0,14.767
3227,0,1,3,8,42,5,4,1,1,1,5,1,4,1,22.969
3228,0,1,3,8,51,1,3,2,1,1,4,1,4,1,26.69
3229,0,1,5,8,49,1,1,3,1,1,5,0,4,1,26.029
3231,0,1,3,8,42,3,4,3,1,1,4,0,4,0,22.77
3233,0,1,2,8,23,5,5,1,1,1,5,0,4,0,14.044
3238,0,1,3,8,50,3,1,1,1,1,4,0,3,1,25.929
3239,0,1,3,8,39,4,4,2,1,1,4,0,3,0,21.23
3242,0,1,6,7,78,4,2,3,1,1,3,0,4,0,39.677
3243,0,1,5,7,64,3,3,2,1,1,3,0,4,0,33.008
3244,0,1,6,8,42,2,4,2,1,1,4,0,4,1,23.278
3246,0,1,5,8,42,5,4,3,1,1,5,0,4,0,23.369
3251,0,1,3,8,39,2,2,2,0,1,4,0,4,1,20.672
3253,0,0,6,8,16,3,1,1,1,1,3,0,4,0,10.998
3257,0,1,3,8,56,4,2,2,1,1,4,0,4,0,29.055
3261,0,1,2,8,69,5,4,1,1,1,3,1,4,0,35.047
3263,0,1,3,8,39,4,4,3,1,1,4,0,4,0,21.477
3267,1,1,7,8,39,5,4,3,1,1,5,0,4,0,22.429
3268,1,1,5,7,39,4,3,3,1,1,4,0,3.75,0,21.6925
3269,1,1,5,8,32,5,5,2,1,1,4,0,4,0,18.824
3270,1,1,6,8,55,3,3,2,1,1,5,0,4,0,29.27
3271,1,1,6,7,50,4,2,3,1,1,4,0,4,0,26.901
3272,1,1,3,7,42,4,3,3,1,1,5,0,3,0,22.56
3273,1,1,6,7,42,4,3,3,1,1,5,0,4,0,23.352
3274,1,1,2,8,31,3,2,2,1,1,4,1,2.5,1,17.136
3276,1,1,5,7,37,4,4,3,1,1,5,0,4,0,20.947
3277,1,1,5,8,37,3,3,2,1,1,5,0,4,0,20.81
3278,1,1,4,7,34,3,1,3,1,1,5,0,4,1,19.071
3280,1,1,6,8,46,4,4,2,1,1,3,0,4,0,25.241
3281,1,1,6,7,39,3,2,3,1,1,3,0,4,0,21.733
3286,1,1,2,8,56,5,4,2,1,1,3,0,4,0,29.123
3287,1,1,5,8,42,5,5,2,1,1,4,0,4,1,23.461
3293,1,1,5,7,48,4,2,2,1,1,3,0,4,0,25.701
3303,1,0,3,7,16,5,5,3,0,1,5,0,4,0,10.59
5255,0,1,5,8,34,4,2,3,1,1,4,0,4,0,19.402
5256,1,1,8,8,30,4,4,3,1,1,5,0,4,0,18.412
5258,1,1,2,8,33,4,3,3,1,1,4,0,4,0,18.478
5260,0,1,4,8,53,5,3,2,1,1,4,0,4,0,28.048
5261,1,1,2,8,42,3,3,2,1,1,4,0,4,0,22.476
5262,0,1,3,8,33,4,4,3,1,1,4,1,4,0,18.77
